{
    "0": {
        "name": "White & Orange",
        "colour": [1.0, 1.0, 1.0]
    },
    "1":{
        "name": "Black & Yellow",
        "colour": [0.1, 0.1, 0.1]
    },
    "2":{
        "name": "Yellow & Blue",
        "colour": [0.439, 0.422, 0.038]
    },
    "3":{
        "name": "Teal",
        "colour": [0.0, 0.404, 0.439]
    },
    "4":{
        "name": "Blue & White",
        "colour": [0.0, 0.114, 0.439]
    },
    "5":{
        "name": "Blue & Orange",
        "colour": [0.0, 0.114, 0.439]
    },
    "6":{
        "name": "Purple & Blue",
        "colour": [0.043, 0.0, 0.439]
    },
    "7":{
        "name": "Lilac & Purple",
        "colour": [0.244, 0.049, 0.439]
    },
    "8":{
        "name": "Red & White",
        "colour": [0.439, 0.047, 0.058]
    },
    "9":{
        "name": "Orange & Blue",
        "colour": [0.439, 0.180, 0.0]
    },
    "10":{
        "name": "Yellow & White",
        "colour": [0.439, 0.438, 0.008]
    },
    "11":{
        "name": "Green",
        "colour": [0.050, 0.439, 0.035]
    },
    "12":{
        "name": "Blue & Red",
        "colour": [0.0, 0.114, 0.439]
    },
    "13":{
        "name": "Purple & Yellow",
        "colour": [0.043, 0.0, 0.439]
    },
    "14":{
        "name": "Grey & Black",
        "colour": [0.2, 0.2, 0.2]
    },
    "15":{
        "name": "Grey & Red",
        "colour": [0.2, 0.2, 0.2]
    },





    "16777216": {
        "name": "Rust: White & Orange",
        "colour": [1.0, 1.0, 1.0]
    },
    "16777217":{
        "name": "Rust: Black & Yellow",
        "colour": [0.1, 0.1, 0.1]
    },
    "16777218":{
        "name": "Rust: Yellow & Blue",
        "colour": [0.439, 0.422, 0.038]
    },
    "16777219":{
        "name": "Rust: Teal",
        "colour": [0.0, 0.404, 0.439]
    },
    "16777220":{
        "name": "Rust: Blue & White",
        "colour": [0.0, 0.114, 0.439]
    },
    "16777221":{
        "name": "Rust: Blue & Orange",
        "colour": [0.0, 0.114, 0.439]
    },
    "16777222":{
        "name": "Rust: Purple & Blue",
        "colour": [0.043, 0.0, 0.439]
    },
    "16777223":{
        "name": "Rust: Lilac & Purple",
        "colour": [0.244, 0.049, 0.439]
    },
    "16777224":{
        "name": "Rust: Red & White",
        "colour": [0.439, 0.047, 0.058]
    },
    "16777225":{
        "name": "Rust: Orange & Blue",
        "colour": [0.439, 0.180, 0.0]
    },
    "16777226":{
        "name": "Rust: Yellow & White",
        "colour": [0.439, 0.438, 0.008]
    },
    "16777227":{
        "name": "Rust: Green",
        "colour": [0.050, 0.439, 0.035]
    },
    "16777228":{
        "name": "Rust: Blue & Red",
        "colour": [0.0, 0.114, 0.439]
    },
    "16777229":{
        "name": "Rust: Purple & Yellow",
        "colour": [0.043, 0.0, 0.439]
    },
    "16777230":{
        "name": "Rust: Grey & Black",
        "colour": [0.2, 0.2, 0.2]
    },
    "16777231":{
        "name": "Rust: Grey & Red",
        "colour": [0.2, 0.2, 0.2]
    },





    "33554432": {
        "name": "Stone: White & Orange",
        "colour": [1.0, 1.0, 1.0]
    },
    "33554433":{
        "name": "Stone: Black & Yellow",
        "colour": [0.1, 0.1, 0.1]
    },
    "33554434":{
        "name": "Stone: Yellow & Blue",
        "colour": [0.439, 0.422, 0.038]
    },
    "33554435":{
        "name": "Stone: Teal",
        "colour": [0.0, 0.404, 0.439]
    },
    "33554436":{
        "name": "Stone: Blue & White",
        "colour": [0.0, 0.114, 0.439]
    },
    "33554437":{
        "name": "Stone: Blue & Orange",
        "colour": [0.0, 0.114, 0.439]
    },
    "33554438":{
        "name": "Stone: Purple & Blue",
        "colour": [0.043, 0.0, 0.439]
    },
    "33554439":{
        "name": "Stone: Lilac & Purple",
        "colour": [0.244, 0.049, 0.439]
    },
    "33554440":{
        "name": "Stone: Red & White",
        "colour": [0.439, 0.047, 0.058]
    },
    "33554441":{
        "name": "Stone: Orange & Blue",
        "colour": [0.439, 0.180, 0.0]
    },
    "33554442":{
        "name": "Stone: Yellow & White",
        "colour": [0.439, 0.438, 0.008]
    },
    "33554443":{
        "name": "Stone: Green",
        "colour": [0.050, 0.439, 0.035]
    },
    "33554444":{
        "name": "Stone: Blue & Red",
        "colour": [0.0, 0.114, 0.439]
    },
    "33554445":{
        "name": "Stone: Purple & Yellow",
        "colour": [0.043, 0.0, 0.439]
    },
    "33554446":{
        "name": "Stone: Grey & Black",
        "colour": [0.2, 0.2, 0.2]
    },
    "33554447":{
        "name": "Stone: Grey & Red",
        "colour": [0.2, 0.2, 0.2]
    },



    "50331648": {
        "name": "Wood: White & Orange",
        "colour": [1.0, 1.0, 1.0]
    },
    "50331649":{
        "name": "Wood: Black & Yellow",
        "colour": [0.1, 0.1, 0.1]
    },
    "50331650":{
        "name": "Wood: Yellow & Blue",
        "colour": [0.439, 0.422, 0.038]
    },
    "50331651":{
        "name": "Wood: Teal",
        "colour": [0.0, 0.404, 0.439]
    },
    "50331652":{
        "name": "Wood: Blue & White",
        "colour": [0.0, 0.114, 0.439]
    },
    "50331653":{
        "name": "Wood: Blue & Orange",
        "colour": [0.0, 0.114, 0.439]
    },
    "50331654":{
        "name": "Wood: Purple & Blue",
        "colour": [0.043, 0.0, 0.439]
    },
    "50331655":{
        "name": "Wood: Lilac & Purple",
        "colour": [0.244, 0.049, 0.439]
    },
    "50331656":{
        "name": "Wood: Red & White",
        "colour": [0.439, 0.047, 0.058]
    },
    "50331657":{
        "name": "Wood: Orange & Blue",
        "colour": [0.439, 0.180, 0.0]
    },
    "50331658":{
        "name": "Wood: Yellow & White",
        "colour": [0.439, 0.438, 0.008]
    },
    "50331659":{
        "name": "Wood: Green",
        "colour": [0.050, 0.439, 0.035]
    },
    "50331660":{
        "name": "Wood: Blue & Red",
        "colour": [0.0, 0.114, 0.439]
    },
    "50331661":{
        "name": "Wood: Purple & Yellow",
        "colour": [0.043, 0.0, 0.439]
    },
    "50331662":{
        "name": "Wood: Grey & Black",
        "colour": [0.2, 0.2, 0.2]
    },
    "50331663":{
        "name": "Wood: Grey & Red",
        "colour": [0.2, 0.2, 0.2]
    }
}