{
    "CUBEROOM_SPACE": "LARGE FREIGHTER ROOM A",
    "CUBEROOMB_SPACE": "LARGE FREIGHTER ROOM B",
    "CUBEROOMC_SPACE": "LARGE FREIGHTER ROOM C",
    "CORRIDOR_S": "FREIGHTER CORRIDOR",
    "CORRIDOR_SPACE": "FREIGHTER CORRIDOR",
    "CORRIDORL_SPACE": "CURVED FREIGHTER CORRIDOR",
    "CORRIDORT_SPACE": "FREIGHTER JUNCTION",
    "CORSTAIRS_SPACE": "FREIGHTER STAIRS",
    "CUBEWALL_SPACE": "INTERNAL FREIGHTER WALL",
    "CORRIDORX_SPACE": "FREIGHTER CROSS JUNCTION",
    "S_CONTAINER0": "FREIGHTER STORAGE UNIT",
    "S_CONTAINER1": "FREIGHTER STORAGE UNIT",
    "S_CONTAINER2": "FREIGHTER STORAGE UNIT",
    "S_CONTAINER3": "FREIGHTER STORAGE UNIT",
    "S_CONTAINER4": "FREIGHTER STORAGE UNIT",
    "S_CONTAINER5": "FREIGHTER STORAGE UNIT",
    "S_CONTAINER6": "FREIGHTER STORAGE UNIT",
    "S_CONTAINER7": "FREIGHTER STORAGE UNIT",
    "S_CONTAINER8": "FREIGHTER STORAGE UNIT",
    "S_CONTAINER9": "FREIGHTER STORAGE UNIT",
    "NPCFRIGTERM": "FLEET COMMAND ROOM",
    "GARAGE_FREIGHT": "ORBITAL EXOCRAFT MATERIALISER",
    "FRE_CORR_A": "FREIGHTER CORRIDOR",
    "FRE_CORR_A_STR": "STRAIGHT",
    "FRE_CORR_A_L": "L-JUNCTION",
    "FRE_CORR_A_T": "T-JUNCTION",
    "FRE_CORR_A_GLAS": "FREIGHTER GLASS CORRIDOR",
    "FRE_CORR_GLA_ST": "STRAIGHT",
    "FRE_CORR_GLA_L": "L-JUNCTION",
    "FRE_CORR_GLA_T": "T-JUNCTION",
    "FRE_ROOM_LADDER": "LADDER MODULE",
    "FRE_EXT_PLATFOR": "EXTERIOR PLATFORM",
    "FRE_EXT_WALKWAY": "EXTERIOR CATWALK",
    "FRE_FACE_DOOR_A": "BULKHEAD DOOR",
    "FRE_FACE_WINDOW": "REINFORCED WINDOW",
    "FRE_FACE_WALL": "INTERNAL FREIGHTER WALL",
    "FRE_ROOM_SCAN": "SCANNER ROOM",
    "FRE_ROOM_SHOP": "GALACTIC TRADE ROOM",
    "FRE_ROOM_FLEET": "FLEET COMMAND ROOM",
    "FRE_ROOM_TELEPO": "TELEPORT CHAMBER",
    "FRE_ROOM_DRESS": "APPEARANCE MODIFIER ROOM",
    "FRE_ROOM_NPCSCI": "SCIENCE SPECIALIST'S ROOM",
    "FRE_ROOM_NPCBUI": "CONSTRUCTION SPECIALIST'S ROOM",
    "FRE_ROOM_ROCLOC": "STORAGE SHUTTLE ROOM",
    "FRE_ROOM_TECH": "TECHNOLOGY ROOM (EXPANSION)",
    "FRE_ROOM_PLANT1": "CULTIVATION CHAMBER",
    "FRE_ROOM_PLANT0": "DOUBLE CULTIVATION CHAMBER",
    "FRE_ROOM_COOK": "NUTRITION ROOM",
    "FRE_ROOM_NPCFAR": "AGRICULTURAL SPECIALIST'S ROOM",
    "FRE_ROOM_BIO": "BIOLOGICAL ROOM (EXPANSION)",
    "FRE_ROOM_REFINE": "REFINER ROOM",
    "FRE_ROOM_EXTR": "STELLAR EXTRACTOR ROOM",
    "FRE_ROOM_VEHICL": "ORBITAL EXOCRAFT MATERIALISER",
    "FRE_ROOM_NPCVEH": "EXOCRAFT SPECIALIST'S ROOM",
    "FRE_ROOM_NPCWEA": "WEAPONS SPECIALIST ROOM",
    "FRE_ROOM_STORE0": "STORAGE ROOM",
    "FRE_ROOM_STORE1": "STORAGE ROOM",
    "FRE_ROOM_STORE2": "STORAGE ROOM",
    "FRE_ROOM_STORE3": "STORAGE ROOM",
    "FRE_ROOM_STORE4": "STORAGE ROOM",
    "FRE_ROOM_STORE5": "STORAGE ROOM",
    "FRE_ROOM_STORE6": "STORAGE ROOM",
    "FRE_ROOM_STORE7": "STORAGE ROOM",
    "FRE_ROOM_STORE8": "STORAGE ROOM",
    "FRE_ROOM_STORE9": "STORAGE ROOM",
    "FRE_ROOM_IND": "INDUSTRIAL ROOM (EXPANSION)",
    "FRE_ROOM_IND1": "EXPANSION ROOM VARIANT",
    "FRE_CORR_STA": "FREIGHTER STAIRS",
    "FRE_CORR_G_STA": "FREIGHTER GLASS STAIRS",
    "FRE_EXT_W_STA": "FREIGHTER EXTERIOR STAIRS",
    "FOUNDATION": "FOUNDATION",
    "CORRIDOR": "STRAIGHT CORRIDOR",
    "CORRIDORL": "L-SHAPED CORRIDOR",
    "CORRIDORT": "T-SHAPED CORRIDOR",
    "CORRIDORX": "X-SHAPED CORRIDOR",
    "MAINROOM": "CYLINDRICAL ROOM",
    "FOUNDLEG4": "FOUNDATION STRUT QUAD",
    "FOUNDLEG": "FOUNDATION STRUT",
    "BUILDTOWER": "TOWER MODULE",
    "CUBEROOM": "CUBOID ROOM",
    "CUBEFOUND": "CUBOID ROOM FOUNDATION STRUT",
    "CUBEFOUND4": "CUBOID ROOM FOUNDATION STRUT QUAD",
    "CUBEFLOOR": "CUBOID ROOM FLOORING",
    "GLASSCORRIDOR": "GLASS ROOFED CORRIDOR",
    "BUILDRAMP": "ACCESS RAMP",
    "BIOROOM": "BIO-DOME",
    "CURVEDCUBEROOF": "CURVED CUBOID ROOF",
    "CUBEROOMCURVED": "CURVED CUBOID WALL",
    "CUBEGLASS": "GLASS CUBOID ROOM",
    "CUBEFRAME": "CUBOID ROOM FRAME",
    "CUBEINNERDOOR": "CUBOID INNER DOOR",
    "CUBEWALL": "CUBOID INNER WALL",
    "CUBEROOF": "CUBOID ROOF CAP",
    "CUBESTAIRS": "INTERIOR STAIRS",
    "BUILDDOOR": "DOOR",
    "DOOR2": "HOLO-DOOR",
    "VIEWSPHERE": "VIEWING SPHERE",
    "MAINROOMFRAME": "CYLINDRICAL ROOM FRAME",
    "CORRIDORC": "CURVED CORRIDOR",
    "MAINROOMCUBE": "SQUARE ROOM",
    "MAINROOMCUBEF": "SQUARE ROOM",
    "BASE_FLAG": "BASE COMPUTER",
    "BUILDLANDINGPAD": "LANDING PAD",
    "BUILDTERMINAL": "GALACTIC TRADE TERMINAL",
    "HEALTHSTATION": "HEALTH STATION",
    "SHIELDSTATION": "HAZARD PROTECTION UNIT",
    "BUILDSAVE": "SAVE POINT",
    "BUILDBEACON": "SAVE BEACON",
    "BUILDSIGNAL": "SIGNAL BOOSTER",
    "BUILDANTIMATTER": "ANTIMATTER REACTOR",
    "TELEPORTER": "BASE TELEPORT MODULE",
    "TELEPORTER_F": "BASE TELEPORT MODULE",
    "BASECAPSULE": "BASE SALVAGE CAPSULE",
    "BP_ANALYSER": "CONSTRUCTION RESEARCH UNIT",
    "BUILD_REFINER1": "PORTABLE REFINER",
    "BUILD_REFINER2": "MEDIUM REFINER",
    "BUILD_REFINER3": "LARGE REFINER",
    "DRESSING_TABLE": "APPEARANCE MODIFIER",
    "COOKER": "NUTRIENT PROCESSOR",
    "CREATURE_FEED": "AUTOMATED FEEDER",
    "CREATURE_FARM": "LIVESTOCK UNIT",
    "SHIPSUMMON": "MUSTER POINT",
    "MESSAGEMODULE": "MESSAGE MODULE",
    "MESSAGE": "COMMUNICATIONS STATION",
    "GARAGE_S": "NOMAD GEOBAY",
    "GARAGE_M": "ROAMER GEOBAY",
    "GARAGE_L": "COLOSSUS GEOBAY",
    "GARAGE_B": "PILGRIM GEOBAY",
    "GARAGE_SUB": "NAUTILON CHAMBER",
    "SUMMON_GARAGE": "EXOCRAFT SUMMONING STATION",
    "GARAGE_MECH": "MINOTAUR GEOBAY",
    "NPCSCIENCETERM": "SCIENCE TERMINAL",
    "NPCWEAPONTERM": "WEAPONS TERMINAL",
    "NPCFARMTERM": "AGRICULTURAL TERMINAL",
    "NPCVEHICLETERM": "EXOCRAFT TERMINAL",
    "NPCBUILDERTERM": "CONSTRUCTION TERMINAL",
    "PLANTER": "HYDROPONIC TRAY",
    "PLANTERMEGA": "LARGE HYDROPONIC TRAY",
    "TOXICPLANT": "FUNGAL CLUSTER",
    "SNOWPLANT": "FROSTWORT",
    "RADIOPLANT": "GAMMA WEED",
    "BARRENPLANT": "ECHINOCACTUS",
    "LUSHPLANT": "STAR BRAMBLE",
    "SCORCHEDPLANT": "SOLAR VINE",
    "CREATUREPLANT": "MORDITE ROOT",
    "POOPPLANT": "GUTROT FLOWER",
    "GRAVPLANT": "GRAVITINO HOST",
    "SACVENOMPLANT": "VENOM URCHIN",
    "PEARLPLANT": "ALBUMEN PEARL ORB",
    "NIPPLANT": "NIPNIP",
    "CARBONPLANTER": "STANDING PLANTER",
    "CONTAINER0": "STORAGE CONTAINER",
    "CONTAINER1": "STORAGE CONTAINER",
    "CONTAINER2": "STORAGE CONTAINER",
    "CONTAINER3": "STORAGE CONTAINER",
    "CONTAINER4": "STORAGE CONTAINER",
    "CONTAINER5": "STORAGE CONTAINER",
    "CONTAINER6": "STORAGE CONTAINER",
    "CONTAINER7": "STORAGE CONTAINER",
    "CONTAINER8": "STORAGE CONTAINER",
    "CONTAINER9": "STORAGE CONTAINER",
    "WALLLIGHTBLUE": "BLUE LIGHT",
    "WALLLIGHTPINK": "PINK LIGHT",
    "WALLLIGHTYELLOW": "YELLOW LIGHT",
    "WALLLIGHTGREEN": "GREEN LIGHT",
    "WALLLIGHTRED": "RED LIGHT",
    "WALLLIGHTWHITE": "WHITE LIGHT",
    "SMALLLIGHT": "LANTERN",
    "BUILDLIGHT": "SQUARED STANDING LIGHT",
    "BUILDLIGHT2": "ROUNDED STANDING LIGHT",
    "BUILDLIGHT3": "CAPPED STANDING LIGHT",
    "LIGHTBOX": "LIGHT BOX",
    "L_FLOOR_Q": "LIGHT FLOOR",
    "CEILINGLIGHT": "CEILING LIGHT",
    "BUILDPAVING": "SMALL PAVING",
    "BUILDPAVING_BIG": "PAVING",
    "BUILDPAVINGTALL": "RAISED SMALL PAVING",
    "BUILDLADDER": "LADDER",
    "CUBELADDER": "CUBOID ROOM LADDER",
    "BUILDWINDOW": "ANGLED WINDOW",
    "CUBEWINDOW": "LARGE WINDOW",
    "WALLDOOR": "SHUTTER DOOR",
    "WALLFLOORLADDER": "INFRASTRUCTURE LADDER",
    "CUBEWINDOWOVAL": "CIRCLE WINDOW",
    "CUBEWINDOWSMALL": "SMALL WINDOW",
    "BUILDCHAIR": "DESK CHAIR",
    "BUILDCHAIR2": "ARMCHAIR",
    "BUILDCHAIR3": "ADJUSTABLE CHAIR",
    "BUILDSOFA": "SOFA",
    "BUILDSOFA2L": "CORNER SOFA",
    "BUILDSOFA2": "SWEPT SOFA",
    "BUILDTABLE": "ROUND TABLE",
    "BUILDTABLE2": "HEXAGONAL TABLE",
    "BUILDBED": "BED",
    "LARGEDESK": "LARGE MONITOR STATION",
    "BUILDSIMPLEDESK": "SIMPLE DESK",
    "CURVEDDESK": "CURVED DESK",
    "MONITORDESK": "MONITOR STATION",
    "BUILDLIGHTTABLE": "LIGHT TABLE",
    "BUILDWORKTOP": "WORKTOP",
    "PLANTPOT": "POTTED PLANT",
    "PLANTPOT1": "FLORA CONTAINMENT 1",
    "PLANTPOT2": "FLORA CONTAINMENT 2",
    "PLANTPOT3": "FLORA CONTAINMENT 3",
    "CHEST": "STORAGE CONTAINER",
    "BLDWALLUNIT": "WALL UNIT",
    "DRAWS": "DRAWERS",
    "STORAGEPANEL": "STORAGE PANEL",
    "SHELFPANEL": "SHELF PANEL",
    "OCTACABINET": "OCTA-CABINET",
    "BUILDAMCRATE": "SMALL CRATE",
    "CRATELRARE": "CRATE FABRICATOR",
    "CRATELCYLINDER": "BARREL FABRICATOR",
    "BUILDLCRATE": "LOCKED CRATE",
    "BUILDHCABINET": "TALL CABINET",
    "BUILDLOCKER": "LOCKER",
    "BUILDSIDEPANEL": "SIDE PANEL",
    "FLOORMAT1": "FLOOR MAT",
    "FLAG1": "FLAG 1",
    "FLAG2": "FLAG 2",
    "FLAG3": "FLAG 3",
    "FLAG4": "FLAG 4",
    "WALLFLAG1": "WALL FLAG 1",
    "WALLFLAG2": "WALL FLAG 2",
    "WALLFLAG3": "WALL FLAG 3",
    "TECHPANEL": "TECH PANEL",
    "WALLFAN": "WALL FAN",
    "WALLSCREEN": "WALL SCREEN",
    "SERVERSTACK": "SERVER",
    "ROOFMONITOR": "CEILING PANEL",
    "WEAPONRACK": "WEAPON RACK",
    "BUILDCANRACK": "CANISTER RACK",
    "ROBOTICARM": "ROBOTIC ARM",
    "BUILDFLATPANEL": "FLAT PANEL",
    "BOXEDSCREEN": "OSCILLOSCOPE",
    "WALLSCREENB": "GREEN WALL SCREEN",
    "WALLSCREENB2": "ORANGE WALL SCREEN",
    "BUILDLABLAMP": "LAB LAMP",
    "WEDGESHAPE": "LARGE WEDGE",
    "WEDGESMALLSHAPE": "SMALL WEDGE",
    "PYRAMIDSHAPE": "PYRAMID",
    "CURVEPIPESHAPE": "CURVED PIPE",
    "PIPESHAPE": "PIPE",
    "PIPE": "PIPE",
    "CUBESOLID": "SOLID CUBE",
    "CYLINDERSHAPE": "CYLINDER",
    "CUBESHAPE": "CUBE",
    "SPHERESHAPE": "SPHERE",
    "BUILDTABLE3": "CORNER TABLE",
    "WALL": "WALL",
    "CORNERPOST": "LINKING POST",
    "ROOMFLOOR": "ROOF PLATFORM",
    "WALLTALL": "LARGE WALL",
    "WALLCURVED": "CURVED WALL",
    "RACE_START": "RACE INITIATOR",
    "RACE_START_SHIP": "STARSHIP RACE INITIATOR",
    "RACE_BOOSTER": "RACE FORCE AMPLIFIER",
    "RACE_RAMP": "RACE OBSTACLE",
    "BUILDDECAL": "WHITE DESIGN DECAL",
    "BUILDDECAL2": "WHITE BORDER DECAL",
    "BUILDDECALNMS": "ATLAS DECAL",
    "BUILDDECALNUM0": "'0' DECAL",
    "BUILDDECALNUM1": "'1' DECAL",
    "BUILDDECALNUM2": "'2' DECAL",
    "BUILDDECALNUM3": "'3' DECAL",
    "BUILDDECALNUM4": "'4' DECAL",
    "BUILDDECALNUM5": "'5' DECAL",
    "BUILDDECALNUM6": "'6' DECAL",
    "BUILDDECALNUM7": "'7' DECAL",
    "BUILDDECALNUM8": "'8' DECAL",
    "BUILDDECALNUM9": "'9' DECAL",
    "BUILDDECALVIS1": "VY'KEEN DECAL",
    "BUILDDECALVIS2": "GEK DECAL",
    "BUILDDECALVIS3": "KORVAX DECAL",
    "BUILDDECALVIS4": "BLOB DECAL",
    "BUILDDECALVIS5": "CURIOUS FAUNA DECAL",
    "BUILDDECALSIMP1": "BLUE DESIGN DECAL",
    "BUILDDECALSIMP2": "GREEN DESIGN DECAL",
    "BUILDDECALSIMP3": "RED DESIGN DECAL",
    "BUILDDECALSIMP4": "BLACK DESIGN DECAL",
    "CREATHOLOGRAM": "CREATURE HOLOGRAM",
    "CORRIDOR_WATER": "GLASS TUNNEL",
    "CORRIDORL_WATER": "L-SHAPED GLASS TUNNEL",
    "CORRIDORT_WATER": "T-SHAPED GLASS TUNNEL",
    "CORRIDORX_WATER": "X-SHAPED GLASS TUNNEL",
    "CORRIDORV_WATER": "VERTICAL GLASS TUNNEL",
    "MAINROOM_WATER": "DEEPWATER CHAMBER",
    "MAINROOMCUBE_W": "SQUARE DEEPWATER CHAMBER",
    "PANEL_GLASS": "LARGE GLASS PANEL",
    "WATERBUBBLE": "MARINE SHELTER",
    "MOONPOOL": "MOON POOL FLOOR",
    "BUILDDOOR_WATER": "WATERTIGHT DOOR",
    "BASE_ENGINEORB": "TERBIUM GROWTH",
    "BASE_BEAMSTONE": "LIGHT FISSURE",
    "BASE_BUBBLECLUS": "BUBBLE CLUSTER",
    "BASE_MEDGEOMETR": "HEXPLATE BUSH",
    "BASE_SHARD": "GLITCHING SEPARATOR",
    "BASE_STARJOINT": "OSSIFIED STAR",
    "BASE_BONEGARDEN": "RATTLE SPINE",
    "BASE_CONTOURPOD": "CABLE POD",
    "BASE_HYDROPOD": "CALCISHROOM",
    "BASE_SHELLWHITE": "CAPILLIARY SHELL",
    "BASE_WEIRDCUBE": "ELECTRIC CUBE",
    "SPAWNER_BALL": "SPHERE CREATOR",
    "NOISEBOX": "NOISE BOX",
    "BYTEBEAT": "BYTEBEAT DEVICE",
    "MEDTUBE": "SAMPLE CONTAINMENT",
    "HEATER": "EMERGENCY HEATER",
    "FOORLIGHT": "EMERGENCY LIGHT",
    "PLANTTUBE": "FLORAL CANISTER",
    "LOCKER2": "CREW LOCKER",
    "ABAND_SHELF": "HEAVY-DUTY FURNITURE",
    "ABAND_CRATE_M": "SALVAGE CRATE",
    "ABAND_CRATE_L": "STORAGE UNIT",
    "ABAND_CRATE_XL": "LARGE STORAGE UNIT",
    "ABAND_CASE": "SECURE BRIEFCASE",
    "FOOTLOCKER": "CREW FOOTLOCKER",
    "ABAND_BENCH": "INDUSTRIAL BENCH",
    "PALLET": "INDUSTRIAL PALLET",
    "ABAND_BARREL": "INDUSTRIAL BARREL",
    "S9_SUITTREE": "UTOPIA EXOSUIT STATION",
    "S9_WEAPONTREE": "UTOPIA MULTI-TOOL STATION",
    "S9_EXOCRAFTTREE": "UTOPIA EXOCRAFT STATION",
    "S9_SHIPTREE": "UTOPIA SHIP STATION",
    "S9_BUILDERTREE": "UTOPIA BUILD STATION",
    "HOLO_DISCO_0": "WONDER PROJECTOR",
    "M_WALL": "METAL WALL",
    "M_WALL_H": "THIN METAL WALL",
    "M_WALL_Q": "SMALL METAL WALL",
    "M_WALL_Q_H": "SHORT METAL WALL",
    "M_WALLDIAGONAL": "SLOPING METAL PANEL",
    "M_WALL_WINDOW": "METAL WINDOW PANEL",
    "M_SDOOR": "SMALL METAL DOOR",
    "M_DOOR": "METAL DOOR FRAME",
    "M_DOOR_H": "METAL DOORWAY",
    "M_GDOOR": "METAL POWER DOOR",
    "M_GDOOR_D": "LARGE METAL POWER DOOR",
    "M_DOORWINDOW": "METAL FRONTAGE",
    "M_FLOOR": "METAL FLOOR PANEL",
    "M_TRIFLOOR": "METAL TRIANGLE",
    "M_TRIFLOOR_Q": "SMALL METAL TRIANGLE",
    "M_GFLOOR": "METAL-FRAMED GLASS PANEL",
    "M_FLOOR_Q": "SMALL METAL PANEL",
    "M_RAMP": "METAL RAMP",
    "M_RAMP_H": "METAL HALF RAMP",
    "M_ROOF": "METAL ROOF",
    "M_ROOF_M": "METAL ROOF PANEL",
    "M_ROOF_C": "METAL ROOF CORNER",
    "M_ROOF_IC": "METAL INNER ROOF CORNER",
    "M_ARCH": "METAL ARCH",
    "M_ARCH_H": "METAL HALF ARCH",
    "C_WALL": "CONCRETE WALL",
    "C_WALL_H": "THIN CONCRETE WALL",
    "C_WALL_Q": "SMALL CONCRETE WALL",
    "C_WALL_Q_H": "SHORT CONCRETE WALL",
    "C_WALLDIAGONAL": "SLOPING CONCRETE PANEL",
    "C_WALL_WINDOW": "CONCRETE WINDOW PANEL",
    "C_DOOR": "CONCRETE DOOR FRAME",
    "C_SDOOR": "SMALL CONCRETE DOOR",
    "C_DOOR_H": "CONCRETE DOORWAY",
    "C_GDOOR": "CONCRETE POWER DOOR",
    "C_GDOOR_D": "LARGE CONCRETE POWER DOOR",
    "C_DOORWINDOW": "CONCRETE FRONTAGE",
    "C_FLOOR": "CONCRETE FLOOR PANEL",
    "C_TRIFLOOR": "CONCRETE TRIANGLE",
    "C_TRIFLOOR_Q": "SMALL CONCRETE TRIANGLE",
    "C_GFLOOR": "CONCRETE-FRAMED GLASS PANEL",
    "C_FLOOR_Q": "SMALL CONCRETE PANEL",
    "C_RAMP": "CONCRETE RAMP",
    "C_RAMP_H": "CONCRETE HALF RAMP",
    "C_ROOF": "CONCRETE ROOF",
    "C_ROOF_M": "CONCRETE ROOF PANEL",
    "C_ROOF_C": "CONCRETE ROOF CORNER",
    "C_ROOF_IC": "CONCRETE INNER ROOF CORNER",
    "C_ARCH": "CONCRETE ARCH",
    "C_ARCH_H": "CONCRETE HALF ARCH",
    "W_WALL": "WOODEN WALL",
    "W_WALL_H": "THIN WOODEN WALL",
    "W_WALL_Q": "SMALL WOODEN WALL",
    "W_WALL_Q_H": "SHORT WOODEN WALL",
    "W_WALLDIAGONAL": "SLOPING WOOD PANEL",
    "W_WALL_WINDOW": "WOODEN WINDOW PANEL",
    "W_SDOOR": "SMALL WOODEN DOOR",
    "W_DOOR": "WOODEN DOOR FRAME",
    "W_DOOR_H": "WOODEN DOORWAY",
    "W_GDOOR": "WOODEN POWER DOOR",
    "W_GDOOR_D": "LARGE WOODEN POWER DOOR",
    "W_DOORWINDOW": "WOODEN FRONTAGE",
    "W_FLOOR": "WOOD FLOOR PANEL",
    "W_TRIFLOOR": "WOODEN TRIANGLE",
    "W_TRIFLOOR_Q": "SMALL WOODEN TRIANGLE",
    "W_GFLOOR": "WOOD-FRAMED GLASS PANEL",
    "W_FLOOR_Q": "SMALL WOOD PANEL",
    "W_RAMP": "WOODEN RAMP",
    "W_RAMP_H": "WOODEN HALF RAMP",
    "W_ROOF": "WOODEN ROOF",
    "W_ROOF_M": "WOODEN ROOF PANEL",
    "W_ROOF_C": "WOODEN ROOF CORNER",
    "W_ROOF_IC": "WOODEN INNER ROOF CORNER",
    "W_ARCH": "WOODEN ARCH",
    "W_ARCH_H": "WOODEN HALF ARCH",
    "O2_HARVESTER": "OXYGEN HARVESTER",
    "BUILDHARVESTER": "AUTONOMOUS MINING UNIT",
    "BUILDGASHARVEST": "ATMOSPHERE HARVESTER",
    "S_LANDINGZONE": "ALTERNATIVE LANDING PAD",
    "S_CANOPY_WALL0": "CANVAS AWNING",
    "S_CANOPY_WALL1": "TWIN FLAG AWNING",
    "S_CANOPY_WALL2": "QUAD FLAG AWNING",
    "S_WALL_SUPPORTS": "STONE SUPPORT PILLAR",
    "S_WATERTOWER": "WATER TOWER",
    "S_ANTENNA0": "DISH RECEPTOR ANTENNA",
    "S_ANTENNA1": "TALL ANTENNA",
    "S_ANTENNA2": "DUAL-PRONGED ANTENNA",
    "S_FLAG5": "HANGING FLAG 1",
    "S_FLAG6": "HANGING FLAG 2",
    "S_RUG0": "KITE-PATTERNED RUG",
    "S_POT0": "KILN-FIRED POT",
    "S_CHAIR0": "UPHOLSTERED CHAIR",
    "S_BARTABLE0": "GOLDEN TABLE",
    "S_WALLLIGHT0": "WALL LIGHT",
    "S_BAR_H": "GOLDEN HALF COUNTER",
    "S_BAR": "GOLDEN COUNTER",
    "S_BAR_C": "GOLDEN COUNTER CORNER",
    "S_TABLEPOT0": "VINTAGE TEAPOT",
    "S_TABLELAMP0": "TABLE LAMP",
    "S_CUP0": "VINTAGE TUMBLER",
    "S_TRAY0": "VINTAGE DISH",
    "S_CRATE0": "SMALL BOX",
    "S_BURNER0": "OIL BURNER",
    "S_PAN0": "VINTAGE COOKING PAN",
    "S_BARSTOOL0": "ORNATE STOOL",
    "S_CANISTER0": "REINFORCED CAPSULE",
    "S_BARTAPS0": "VINTAGE TAP",
    "S_WALLHANGING1": "WEATHERED HANGING",
    "S_WALLHANGING2": "MINI WEATHERED HANGINGS",
    "S_WALLHANGING3": "WEATHERED HANGING TRIPTYCH",
    "S_PLANTER_M": "STONE TROUGH",
    "S_SIGN_BAR0": "ILLUMINATED SIGN",
    "S_STEPLADDER": "STEPLADDER",
    "S_SCAFFOLD_M": "SCAFFOLDING",
    "S_SCAFFOLD_L": "LARGE SCAFFOLDING",
    "S_BUCKET_S": "PAIL",
    "S_BUCKET_M": "TALL BUCKET",
    "S_PALLET": "WOODEN PALLET",
    "S_PALLET_BRICK": "BRICK PILE",
    "S_CEMENTBAG": "CEMENT BAG",
    "S_BARRIER": "BARRICADE",
    "S_RSJSTACK": "H-BEAM STACK",
    "S_CEMENTMIXER": "CEMENT MIXER",
    "S_SHOVEL": "SHOVEL",
    "S_BRICKSWRAPPED": "COVERED BRICK PILE",
    "S_LARGETRYE0": "LARGE TYRE",
    "S_COMPOSTBIN": "COMPOSTER",
    "S_FURNACE": "SMALL FURNACE",
    "S_WHEELBARROW": "WHEELBARROW",
    "S_EXCBUCKET": "EXCAVATION CLAW",
    "S_TROUGH0": "WASH TROUGH",
    "S_MILKCRATE": "VENTILATED CRATE",
    "S_MILKBOTTLE": "INSULATED FLASK",
    "S_BARREL1": "SEALED BARREL",
    "S_SPARKPLUG": "SPARK PLUG",
    "S_CARRIAGE": "DRAWN CART",
    "S_CARRIAGEWHEEL": "CART WHEEL",
    "S_SCISSORLIFT": "SCISSOR LIFT",
    "S_PUMP": "INDUSTRIAL PUMP",
    "S_GENERATOR": "SMALL GENERATOR",
    "S_CRATE1": "LARGE MOULDED CRATE",
    "S_CRATE2": "MOULDED CRATE",
    "S_CANISTER1": "GAS CANISTER",
    "S_FENCE0": "PANELLED TIMBER DIVIDER",
    "S_FENCE1": "PROPPED TIMBER DIVIDER",
    "S_FENCE2": "PROPPED TIMBER DIVIDERS",
    "S_FENCE3": "PROPPED FLAG DIVIDERS",
    "S_HANGLAMP0": "HANGING LAMP",
    "S_CURTAIN0": "TIED DRAPES",
    "S_GLOWGLOBE": "PLANETARY GLOBE",
    "S_DRAPE0": "OPULENT TAPESTRY",
    "S_RUG1": "CIRCLE-PATTERNED RUG",
    "S_STREETLAMP0": "LAMP POST",
    "S_LIGHTSTRIP0": "TUBE LIGHT",
    "S_SHELVINGUNIT0": "TIMBER SHELVING UNIT",
    "S_GAZEBO0": "CANVAS GAZEBO",
    "S_CRATE3": "MOULDED LOCKBOX",
    "S_CRATE3OPEN": "OPEN MOULDED LOCKBOX",
    "S_CRATE4": "TALL MOULDED LOCKBOX",
    "S_CRATE4OPEN": "OPEN TALL MOULDED LOCKBOX",
    "S_FABROLL0": "ROLLED CANVAS",
    "S_FABROLLPILE0": "ROLLED CANVAS PILE",
    "S_WATERVALVE0": "SEALED RESERVOIR",
    "S_MACHINE0": "CYCLONIC LATHE",
    "S_ANTENNA3": "METEOROLOGICAL SPINNER",
    "S_POSTER0": "FLIGHT PATH POSTER",
    "S_POSTER1": "BLUE STRIPES POSTER",
    "S_POSTER2": "GOLDEN GEK POSTER",
    "S_POSTER3": "DRONE ALERT POSTER",
    "S_POSTER4": "PAWPRINTS POSTER",
    "S_POSTER5": "SHIP SALE POSTER",
    "S_POSTER6": "KORVAX GUILD POSTER",
    "S_POSTER7": "KORVAX SWIRL POSTER",
    "S_POSTER8": "ATLAS INFINITY POSTER",
    "S_POSTER9": "ATLAS RACE POSTER",
    "S_POSTER10": "CACTUS FLESH POSTER",
    "S_POSTER11": "GEK HYPNOSIS POSTER",
    "S_POSTER13": "FALLING SHAPES POSTER",
    "S_POSTER15": "'KEEN POSTER",
    "S_HANGLAMP1": "TRIPLE HANGING LAMP",
    "S_HANGLAMP2": "CIRCLES HANGING LAMP",
    "S_HANGLAMP3": "SPLAYED HANGING LAMP",
    "S_S_WALL": "STONE WALL",
    "S_WALL": "STONE WALL",
    "S_WALLB": "STONE WALL (BASE)",
    "S_WALLM": "STONE WALL (MID)",
    "S_WALLT": "STONE WALL (TOP)",
    "S_WALL_H": "THIN STONE WALL",
    "S_WALLB_H": "THIN STONE WALL (BASE)",
    "S_WALLM_H": "THIN STONE WALL (MID)",
    "S_WALLT_H": "THIN STONE WALL (TOP)",
    "S_WALL_Q": "SMALL STONE WALL A",
    "S_WALL_Q1": "SMALL STONE WALL B",
    "S_WALL_Q_H": "SHORT STONE WALL A",
    "S_WALL_Q_H1": "SHORT STONE WALL B",
    "S_WALLDIAGONAL": "SLOPING STONE PANEL",
    "S_WALLB_DIAGONA": "SLOPING STONE PANEL (BASE)",
    "S_WALLM_DIAGONA": "SLOPING STONE PANEL (MID)",
    "S_WALLT_DIAGONA": "SLOPING STONE PANEL (TOP)",
    "S_WALL_WINDOW": "STONE SLIT WINDOW",
    "S_WALLB_WIN0": "STONE SLIT WINDOW (BASE)",
    "S_WALLM_WIN0": "STONE SLIT WINDOW (MID)",
    "S_WALLT_WIN0": "STONE SLIT WINDOW (TOP)",
    "S_WALL_WIN1": "STONE GRILLE WINDOW",
    "S_WALLB_WIN1": "STONE GRILLE WINDOW (BASE)",
    "S_WALLM_WIN1": "STONE GRILLE WINDOW (MID)",
    "S_WALLT_WIN1": "STONE GRILLE WINDOW (TOP)",
    "S_WALL_WIN2": "STONE LARGE WINDOW",
    "S_WALLB_WIN2": "STONE LARGE WINDOW (BASE)",
    "S_WALLM_WIN2": "STONE LARGE WINDOW (MID)",
    "S_WALLT_WIN2": "STONE LARGE WINDOW (TOP)",
    "S_WALL_WIN3": "STONE CIRCLE WINDOW",
    "S_WALLB_WIN3": "STONE CIRCLE WINDOW (BASE)",
    "S_WALLM_WIN3": "STONE CIRCLE WINDOW (MID)",
    "S_WALLT_WIN3": "STONE CIRCLE WINDOW (TOP)",
    "S_DOOR": "STONE ARCH DOOR",
    "S_DOORB0": "STONE ARCH DOOR (BASE)",
    "S_DOORM0": "STONE ARCH DOOR (MID)",
    "S_DOORT0": "STONE ARCH DOOR (TOP)",
    "S_DOOR1": "STONE RECTANGULAR DOOR",
    "S_DOORB1": "STONE RECTANGULAR DOOR (BASE)",
    "S_DOORM1": "STONE RECTANGULAR DOOR (MID)",
    "S_DOORT1": "STONE RECTANGULAR DOOR (TOP)",
    "S_FLOOR": "STONE FLOOR PANEL",
    "S_FLOOR_Q": "SMALL STONE PANEL",
    "S_TRIFLOOR": "STONE TRIANGLE",
    "S_TRIFLOOR_Q": "SMALL STONE TRIANGLE",
    "S_GFLOOR": "STONE FLOOR GRILLE",
    "S_RAMP": "STONE RAMP",
    "S_RAMP_H": "STONE HALF RAMP",
    "S_ROOF0": "ROUNDED FLAT STONE ROOF",
    "S_ROOF1": "VENTILATED FLAT STONE ROOF",
    "S_ROOF2": "ANGLED FLAT STONE ROOF",
    "S_ROOF3": "FLAT STONE ROOF",
    "S_ROOF4": "CANVAS STONE ROOF",
    "S_ROOF5": "STONE DOME ROOF",
    "S_ROOF_M": "STONE ROOF PANEL",
    "S_ROOF_C": "STONE ROOF CORNER",
    "S_ROOF_IC": "STONE INNER ROOF CORNER",
    "S_CHEV_WALL": "EXTRUDED STONE WALL",
    "S_CHEV_DOOR": "EXTRUDED STONE DOOR",
    "S_CHEV_WALL_H_C": "EXTRUDED STONE WALL CAP",
    "S_CHEV_WIN0": "EXTRUDED PANELLED STONE WALL",
    "S_CHEV_WIN1": "EXTRUDED STONE LARGE WINDOW",
    "S_CHEV_WIN2": "EXTRUDED STONE SMALL WINDOW",
    "S_ROOF_M_Q": "SLOPING STONE ROOF PANEL",
    "S_ROOF_E_Q": "SLOPING STONE ROOF GABLE",
    "S_ROOF_M_CAP": "STONE ROOF CAP",
    "S_ROOF_E_CAP": "STONE ROOF GABLE",
    "S_DOOR_H": "STONE DOORWAY",
    "S_DOORB0_H": "STONE DOORWAY (BASE)",
    "S_DOORM0_H": "STONE DOORWAY (MID)",
    "S_DOORT0_H": "STONE DOORWAY (TOP)",
    "S_DOORWINDOW": "STONE FRONTAGE",
    "S_DOORWINB0": "STONE FRONTAGE (BASE)",
    "S_DOORWINM0": "STONE FRONTAGE (MID)",
    "S_DOORWINT0": "STONE FRONTAGE (TOP)",
    "S_GDOOR": "STONE POWER DOOR",
    "S_GDOORB0": "STONE POWER DOOR (BASE)",
    "S_GDOORM0": "STONE POWER DOOR (MID)",
    "S_GDOORT0": "STONE POWER DOOR (TOP)",
    "S_ARCH": "STONE ARCH",
    "S_ARCHB": "STONE ARCH (BASE)",
    "S_ARCHM": "STONE ARCH (MID)",
    "S_ARCHT": "STONE ARCH (TOP)",
    "S_ARCH_H": "STONE HALF ARCH",
    "S_ARCHB_H": "STONE HALF ARCH (BASE)",
    "S_ARCHM_H": "STONE HALF ARCH (MID)",
    "S_ARCHT_H": "STONE HALF ARCH (TOP)",
    "S_RAMP_Q_TOP": "STONE HALF RAMP PLATFORM",
    "T_WALL": "TIMBER WALL",
    "T_WALLB": "TIMBER WALL (BASE)",
    "T_WALLM": "TIMBER WALL (MID)",
    "T_WALLT": "TIMBER WALL (TOP)",
    "T_WALL_H": "THIN TIMBER WALL",
    "T_WALLB_H": "THIN TIMBER WALL (BASE)",
    "T_WALLM_H": "THIN TIMBER WALL (MID)",
    "T_WALLT_H": "THIN TIMBER WALL (TOP)",
    "T_WALL_Q": "SMALL TIMBER WALL A",
    "T_WALL_Q1": "SMALL TIMBER WALL B",
    "T_WALL_Q_H": "SHORT TIMBER WALL A",
    "T_WALL_Q_H1": "SHORT TIMBER WALL B",
    "T_WALLDIAGONAL": "SLOPING TIMBER PANEL",
    "T_WALLB_DIAGONA": "SLOPING TIMBER PANEL (BASE)",
    "T_WALLM_DIAGONA": "SLOPING TIMBER PANEL (MID)",
    "T_WALLT_DIAGONA": "SLOPING TIMBER PANEL (TOP)",
    "T_WALL_WINDOW": "TWIN TIMBER WINDOWS",
    "T_WALLB_WIN0": "TWIN TIMBER WINDOWS (BASE)",
    "T_WALLM_WIN0": "TWIN TIMBER WINDOWS (MID)",
    "T_WALLT_WIN0": "TWIN TIMBER WINDOWS (TOP)",
    "T_WALL_WIN1": "HORIZONTAL TIMBER WINDOWS",
    "T_WALLB_WIN1": "HORIZONTAL TIMBER WINDOWS (BASE)",
    "T_WALLM_WIN1": "HORIZONTAL TIMBER WINDOWS (MID)",
    "T_WALLT_WIN1": "HORIZONTAL TIMBER WINDOWS (TOP)",
    "T_WALL_WIN2": "LARGE TIMBER DOUBLE WINDOW",
    "T_WALLB_WIN2": "LARGE TIMBER DOUBLE WINDOW (BASE)",
    "T_WALLM_WIN2": "LARGE TIMBER DOUBLE WINDOW (MID)",
    "T_WALLT_WIN2": "LARGE TIMBER DOUBLE WINDOW (TOP)",
    "T_WALL_WIN3": "LARGE TIMBER TRIPLE WINDOW",
    "T_WALLB_WIN3": "LARGE TIMBER TRIPLE WINDOW (BASE)",
    "T_WALLM_WIN3": "LARGE TIMBER TRIPLE WINDOW (MID)",
    "T_WALLT_WIN3": "LARGE TIMBER TRIPLE WINDOW (TOP)",
    "T_DOOR": "TIMBER RECTANGULAR DOOR",
    "T_DOORB0": "TIMBER RECTANGULAR DOOR (BASE)",
    "T_DOORM0": "TIMBER RECTANGULAR DOOR (MID)",
    "T_DOORT0": "TIMBER RECTANGULAR DOOR (TOP)",
    "T_DOOR1": "TIMBER ANGLED DOOR",
    "T_DOORB1": "TIMBER ANGLED DOOR (BASE)",
    "T_DOORM1": "TIMBER ANGLED DOOR (MID)",
    "T_DOORT1": "TIMBER ANGLED DOOR (TOP)",
    "T_FLOOR": "TIMBER FLOOR PANEL",
    "T_FLOOR_Q": "SMALL TIMBER PANEL",
    "T_TRIFLOOR": "TIMBER TRIANGLE",
    "T_TRIFLOOR_Q": "SMALL TIMBER TRIANGLE",
    "T_GFLOOR": "TIMBER-FRAMED GLASS PANEL",
    "T_RAMP": "TIMBER RAMP",
    "T_RAMP_H": "TIMBER HALF RAMP",
    "T_ROOF0": "ROUNDED FLAT TIMBER-GLASS ROOF",
    "T_ROOF1": "ASYMMETRICAL TIMBER-GLASS ROOF",
    "T_ROOF2": "L-SKYLIGHT TIMBER ROOF",
    "T_ROOF3": "FOLDED SAIL TIMBER ROOF",
    "T_ROOF4": "U-SKYLIGHT TIMBER TRAPEZOID ROOF",
    "T_ROOF5": "DRAPED SAIL TIMBER ROOF",
    "T_ROOF6": "FLAT TIMBER ROOF",
    "T_ROOF7": "ROUNDED TIMBER ROOF",
    "T_ROOF_M": "TIMBER ROOF PANEL",
    "T_ROOF_C": "TIMBER ROOF CORNER",
    "T_ROOF_IC": "TIMBER INNER ROOF CORNER",
    "T_CHEV_WALL": "EXTRUDED TIMBER WALL A",
    "T_CHEV_DOOR": "EXTRUDED TIMBER-GLASS DOOR",
    "T_CHEV_WALL_H_C": "EXTRUDED TIMBER WALL CAP",
    "T_CHEV_WIN0": "EXTRUDED TIMBER WALL B",
    "T_CHEV_WIN1": "EXTRUDED TIMBER LARGE WINDOW",
    "T_CHEV_WIN2": "EXTRUDED TIMBER SMALL WINDOW",
    "T_ROOF_M_Q": "SLOPING TIMBER ROOF PANEL",
    "T_ROOF_E_Q": "SLOPING TIMBER ROOF GABLE",
    "T_ROOF_M_CAP": "TIMBER ROOF CAP",
    "T_ROOF_E_CAP": "TIMBER ROOF GABLE",
    "T_DOOR_H": "TIMBER DOORWAY",
    "T_DOORB0_H": "TIMBER DOORWAY (BASE)",
    "T_DOORM0_H": "TIMBER DOORWAY (MID)",
    "T_DOORT0_H": "TIMBER DOORWAY (TOP)",
    "T_DOORWINDOW": "TIMBER FRONTAGE",
    "T_DOORWINB0": "TIMBER FRONTAGE (BASE)",
    "T_DOORWINM0": "TIMBER FRONTAGE (MID)",
    "T_DOORWINT0": "TIMBER FRONTAGE (TOP)",
    "T_GDOOR": "TIMBER POWER DOOR",
    "T_GDOORB0": "TIMBER POWER DOOR (BASE)",
    "T_GDOORM0": "TIMBER POWER DOOR (MID)",
    "T_GDOORT0": "TIMBER POWER DOOR (TOP)",
    "T_ARCH": "TIMBER ARCH",
    "T_ARCHB": "TIMBER ARCH (BASE)",
    "T_ARCHM": "TIMBER ARCH (MID)",
    "T_ARCHT": "TIMBER ARCH (TOP)",
    "T_ARCH_H": "TIMBER HALF ARCH",
    "T_ARCHB_H": "TIMBER HALF ARCH (BASE)",
    "T_ARCHM_H": "TIMBER HALF ARCH (MID)",
    "T_ARCHT_H": "TIMBER HALF ARCH (TOP)",
    "T_RAMP_Q_TOP": "TIMBER HALF RAMP PLATFORM",
    "F_WALL": "ALLOY WALL",
    "F_WALLB": "ALLOY WALL (BASE)",
    "F_WALLM": "ALLOY WALL (MID)",
    "F_WALLT": "ALLOY WALL (TOP)",
    "F_WALL_H": "THIN ALLOY WALL",
    "F_WALLB_H": "THIN ALLOY WALL (BASE)",
    "F_WALLM_H": "THIN ALLOY WALL (MID)",
    "F_WALLT_H": "THIN ALLOY WALL (TOP)",
    "F_WALL_Q": "SMALL ALLOY WALL A",
    "F_WALL_Q1": "SMALL ALLOY WALL B",
    "F_WALL_Q_H": "SHORT ALLOY WALL A",
    "F_WALL_Q_H1": "SHORT ALLOY WALL B",
    "F_WALLDIAGONAL": "SLOPING ALLOY PANEL",
    "F_WALLB_DIAGONA": "SLOPING ALLOY PANEL (BASE)",
    "F_WALLM_DIAGONA": "SLOPING ALLOY PANEL (MID)",
    "F_WALLT_DIAGONA": "SLOPING ALLOY PANEL (TOP)",
    "F_WALL_WINDOW": "ALLOY WINDOW",
    "F_WALLB_WIN0": "ALLOY WINDOW (BASE)",
    "F_WALLM_WIN0": "ALLOY WINDOW (MID)",
    "F_WALLT_WIN0": "ALLOY WINDOW (TOP)",
    "F_WALL_WIN1": "IRREGULAR ALLOY WINDOW",
    "F_WALLB_WIN1": "IRREGULAR ALLOY WINDOW (BASE)",
    "F_WALLM_WIN1": "IRREGULAR ALLOY WINDOW (MID)",
    "F_WALLT_WIN1": "IRREGULAR ALLOY WINDOW (TOP)",
    "F_WALL_WIN2": "TWIN ALLOY WINDOWS",
    "F_WALLB_WIN2": "TWIN ALLOY WINDOWS (BASE)",
    "F_WALLM_WIN2": "TWIN ALLOY WINDOWS (MID)",
    "F_WALLT_WIN2": "TWIN ALLOY WINDOWS (TOP)",
    "F_WALL_WIN3": "HORIZONTAL ALLOY WINDOW",
    "F_WALLB_WIN3": "HORIZONTAL ALLOY WINDOW (BASE)",
    "F_WALLM_WIN3": "HORIZONTAL ALLOY WINDOW (MID)",
    "F_WALLT_WIN3": "HORIZONTAL ALLOY WINDOW (TOP)",
    "F_DOOR": "ALLOY DOOR A",
    "F_DOORB0": "ALLOY DOOR A (BASE)",
    "F_DOORM0": "ALLOY DOOR A (MID)",
    "F_DOORT0": "ALLOY DOOR A (TOP)",
    "F_DOOR1": "ALLOY DOOR B",
    "F_DOORB1": "ALLOY DOOR B (BASE)",
    "F_DOORM1": "ALLOY DOOR B (MID)",
    "F_DOORT1": "ALLOY DOOR B (TOP)",
    "F_FLOOR": "ALLOY FLOOR PANEL",
    "F_FLOOR_Q": "SMALL ALLOY PANEL",
    "F_TRIFLOOR": "ALLOY TRIANGLE",
    "F_TRIFLOOR_Q": "SMALL ALLOY TRIANGLE",
    "F_GFLOOR": "ALLOY-FRAMED GLASS PANEL",
    "F_RAMP": "ALLOY RAMP",
    "F_RAMP_H": "ALLOY HALF RAMP",
    "F_ROOF0": "SIDE-LIT FLAT ALLOY ROOF",
    "F_ROOF1": "TALL FLAT ALLOY ROOF",
    "F_ROOF2": "SKYLIGHT ALLOY ROOF",
    "F_ROOF3": "TOP-LIT FLAT ALLOY ROOF",
    "F_ROOF4": "FOLDED SAIL ALLOY ROOF",
    "F_ROOF5": "ANGLED FLAT ALLOY ROOF",
    "F_ROOF6": "ELABORATE ALLOY ROOF",
    "F_ROOF7": "FLAT ALLOY ROOF",
    "F_ROOF8": "RAISED PLATFORM ALLOY ROOF",
    "F_ROOF_M": "ALLOY ROOF PANEL",
    "F_ROOF_C": "ALLOY ROOF CORNER",
    "F_ROOF_IC": "ALLOY INNER ROOF CORNER",
    "F_CHEV_WALL": "EXTRUDED ALLOY WALL",
    "F_CHEV_DOOR": "EXTRUDED ALLOY DOOR",
    "F_CHEV_WALL_H_C": "EXTRUDED ALLOY WALL CAP",
    "F_CHEV_WIN0": "EXTRUDED ALLOY WINDOW",
    "F_CHEV_WIN1": "EXTRUDED ALLOY HORIZONTAL WINDOW",
    "F_CHEV_WIN2": "EXTRUDED ALLOY SMALL WINDOW",
    "F_ROOF_M_Q": "SLOPING ALLOY ROOF PANEL",
    "F_ROOF_E_Q": "SLOPING ALLOY ROOF GABLE",
    "F_ROOF_M_CAP": "ALLOY ROOF CAP",
    "F_ROOF_E_CAP": "ALLOY ROOF GABLE",
    "F_DOOR_H": "ALLOY DOORWAY",
    "F_DOORB0_H": "ALLOY DOORWAY (BASE)",
    "F_DOORM0_H": "ALLOY DOORWAY (MID)",
    "F_DOORT0_H": "ALLOY DOORWAY (TOP)",
    "F_DOORWINDOW": "ALLOY FRONTAGE",
    "F_DOORWINB0": "ALLOY FRONTAGE (BASE)",
    "F_DOORWINM0": "ALLOY FRONTAGE (MID)",
    "F_DOORWINT0": "ALLOY FRONTAGE (TOP)",
    "F_GDOOR": "ALLOY POWER DOOR",
    "F_GDOORB0": "ALLOY POWER DOOR (BASE)",
    "F_GDOORM0": "ALLOY POWER DOOR (MID)",
    "F_GDOORT0": "ALLOY POWER DOOR (TOP)",
    "F_ARCH": "ALLOY ARCH",
    "F_ARCHB": "ALLOY ARCH (BASE)",
    "F_ARCHM": "ALLOY ARCH (MID)",
    "F_ARCHT": "ALLOY ARCH (TOP)",
    "F_ARCH_H": "ALLOY HALF ARCH",
    "F_ARCHB_H": "ALLOY HALF ARCH (BASE)",
    "F_ARCHM_H": "ALLOY HALF ARCH (MID)",
    "F_ARCHT_H": "ALLOY HALF ARCH (TOP)",
    "F_RAMP_Q_TOP": "ALLOY HALF RAMP PLATFORM",
    "U_EXTRACTOR_S": "MINERAL EXTRACTOR",
    "U_GASEXTRACTOR": "GAS EXTRACTOR",
    "U_SILO_S": "SUPPLY DEPOT",
    "U_SOLAR_S": "SOLAR PANEL",
    "U_GENERATOR_S": "ELECTROMAGNETIC GENERATOR",
    "U_BIOGENERATOR": "BIOFUEL REACTOR",
    "U_POWERLINE": "ELECTRICAL WIRING",
    "U_PORTALLINE": "TELEPORT CABLE",
    "U_BYTEBEATLINE": "BYTEBEAT CABLE",
    "U_SWITCHWALL": "WALL SWITCH",
    "U_SWITCHPRESS": "FLOOR SWITCH",
    "U_BATTERY_S": "BATTERY",
    "U_SWITCHBUTTON": "BUTTON",
    "U_SWITCHPROX": "PROXIMITY SWITCH",
    "U_PIPELINE": "SUPPLY PIPE",
    "U_TRANSISTOR1": "POWER INVERTER",
    "U_TRANSISTOR2": "AUTO SWITCH",
    "U_MINIPORTAL": "SHORT-RANGE TELEPORTER",
    "BYTEBEATSWITCH": "BYTEBEAT SWITCH",
    "POWERLINE_HIDER": "ELECTRICAL CLOAKING UNIT",
    "EXPD_DECAL01": "PIONEERS EXPEDITION DECAL",
    "EXPD_FIREPACK01": "ATLAS FIREWORK PACK",
    "EXPD_FIREWORK01": "BLUE-RED ATLAS FIREWORK",
    "EXPD_FIREWORK02": "GOLD-BLUE ATLAS FIREWORK",
    "EXPD_FIREWORK03": "RED-GOLD ATLAS FIREWORK",
    "EXPD_FIREWORK04": "FLESH LAUNCHER",
    "EXPD_FIREPACK04": "FLESH LAUNCHER PACK",
    "BLD_EXPD_BASE01": "PIONEERS EXPEDITION FLAG",
    "EXPD_DECAL02": "BEACHHEAD EXPEDITION DECAL",
    "BLD_PLANET_HOLO": "HOLOGRAPHIC CHART PROJECTOR",
    "BLD_FLYJAR": "BIO-LANTERN",
    "EXPD_DECAL03": "CARTOGRAPHERS EXPEDITION DECAL",
    "EXPD_DECAL04": "EMERGENCE EXPEDITION DECAL",
    "BLD_SKULL": "TITANIC TROPHY",
    "EXPD_POSTER05A": "SOLSTICE POSTER",
    "EXPD_POSTER05B": "ABYSSAL POSTER",
    "EXPD_POSTER05C": "TERRITORIES POSTER",
    "EXPD_DECAL05": "EXOBIOLOGY EXPEDITION DECAL",
    "EXPD_POSTER06A": "DREAD CAPTAIN FAHNG POSTER",
    "EXPD_POSTER06B": "OUTLAW POSTER",
    "EXPD_POSTER06C": "RESBUR XIII POSTER",
    "EXPD_FLAG_06A": "PIRACY FLAG",
    "EXPD_FLAG_06B": "UNITY FLAG",
    "EXPD_FLAG_06C": "HERALDRY FLAG",
    "EXPD_FLAG_06D": "ORBITAL FLAG",
    "EXPD_FLAG_06E": "VIRIDIAN FLAG",
    "EXPD_CUBE_06": "WAYWARD CUBE",
    "EXPD_DECAL06": "BLIGHTED EXPEDITION DECAL",
    "EXPD_POSTER07A": "LEVIATHAN POSTER",
    "EXPD_POSTER07B": "THE LOOP POSTER",
    "EXPD_POSTER07C": "TIMESPLICE POSTER",
    "BLD_MINI_BIOFRI": "ORGANIC FRIGATE CALF",
    "EXPD_DECAL07": "LEVIATHAN EXPEDITION DECAL",
    "EXPD_POSTER08A": "PILGRIM POSTER",
    "EXPD_POSTER08B": "POLESTAR POSTER",
    "EXPD_POSTER08C": "HEAVY SHIPPING POSTER",
    "BLD_MAPTUBE": "NAVIGATION ARCHIVE",
    "BLD_FIREPIT": "FLAMING BARREL",
    "BLD_DATASIGN": "DATA DISPLAY UNIT",
    "EXPD_DECAL08": "POLESTAR EXPEDITION DECAL",
    "EXPD_POSTER09A": "FACTIONS POSTER",
    "EXPD_POSTER09B": "NIGHT SQUAD POSTER",
    "EXPD_POSTER09C": "PLANETARY BASE POSTER",
    "BLD_HOLOGEK": "HOLOGRAPHIC FRIEND",
    "EXPD_DECAL09": "UTOPIA EXPEDITION DECAL",
    "EXPD_POSTER10A": "ATLAS POSTER",
    "EXPD_POSTER10B": "ATLANTID POSTER",
    "EXPD_POSTER10C": "CONSTRUCT POSTER",
    "BLD_CRYS_SENT0": "LIVING FRAGMENT A",
    "BLD_CRYS_SENT1": "LIVING FRAGMENT B",
    "BLD_CRYS_DRONE": "CRYSTALLISED DRONE",
    "EXPD_DECAL10": "SINGULARITY DECAL",
    "EXPD_POSTER11A": "NAVIGATORS POSTER",
    "EXPD_POSTER11B": "ANOMALOUS WONDER POSTER",
    "EXPD_POSTER11C": "OPEN HORIZONS POSTER",
    "EXPD_DECAL11": "VOYAGERS DECAL",
    "BLD_BUI_HAND": "CONSTRUCT DIGITS",
    "BLD_BUI_HEAD": "CONSTRUCT 'SKULL'",
    "BLD_BUI_TENT": "RAGGED TENT",
    "EXPD_POSTER12A": "REMEMBRANCE POSTER",
    "EXPD_POSTER12B": "INTERFACE POSTER",
    "EXPD_POSTER12C": "STARBORN POSTER",
    "EXPD_DECAL12": "OMEGA DECAL",
    "TWITCH_FIREW01A": "RGB FIREWORK PACK",
    "TWITCH_FIREW01B": "RGB FIREWORK PACK",
    "TWITCH_FIREW01C": "RGB FIREWORK PACK",
    "TWITCH_FIREW01D": "RGB FIREWORK PACK",
    "TWITCH_FIREW01E": "RGB FIREWORK PACK",
    "TWITCH_FIREW02A": "RGB FIREWORK PACK",
    "TWITCH_FIREW02B": "RGB FIREWORK PACK",
    "TWITCH_FIREW02C": "RGB FIREWORK PACK",
    "TWITCH_FIREW02D": "RGB FIREWORK PACK",
    "TWITCH_FIREW02E": "RGB FIREWORK PACK",
    "TWITCH_FIREW03A": "DELUXE FIREWORK PACK",
    "TWITCH_FIREW03B": "DELUXE FIREWORK PACK",
    "TWITCH_FIREW03C": "DELUXE FIREWORK PACK",
    "TWITCH_FIREW03D": "DELUXE FIREWORK PACK",
    "TWITCH_FIREW03E": "DELUXE FIREWORK PACK",
    "TWITCH_FIREW04A": "ATLAS FIREWORK PACK",
    "TWITCH_FIREW04B": "ATLAS FIREWORK PACK",
    "TWITCH_FIREW04C": "ATLAS FIREWORK PACK",
    "TWITCH_FIREW04D": "ATLAS FIREWORK PACK",
    "TWITCH_FIREW04E": "ATLAS FIREWORK PACK",
    "TWITCH_FIREW05A": "ASSORTED FIREWORK PACK",
    "TWITCH_FIREW05B": "ASSORTED FIREWORK PACK",
    "TWITCH_FIREW05C": "ASSORTED FIREWORK PACK",
    "TWITCH_FIREW05D": "ASSORTED FIREWORK PACK",
    "TWITCH_FIREW05E": "ASSORTED FIREWORK PACK",
    "TWITCH_FIREW06A": "REMIXED FIREWORK PACK",
    "TWITCH_FIREW06B": "REMIXED FIREWORK PACK",
    "TWITCH_FIREW06C": "REMIXED FIREWORK PACK",
    "TWITCH_FIREW06D": "REMIXED FIREWORK PACK",
    "TWITCH_FIREW06E": "REMIXED FIREWORK PACK",
    "TWITCH_FIREW07A": "CELEBRATORY FIREWORK PACK",
    "TWITCH_FIREW07B": "CELEBRATORY FIREWORK PACK",
    "TWITCH_FIREW07C": "CELEBRATORY FIREWORK PACK",
    "TWITCH_FIREW07D": "CELEBRATORY FIREWORK PACK",
    "TWITCH_FIREW07E": "CELEBRATORY FIREWORK PACK",
    "TWITCH_FIREW08A": "TITAN FIREWORK PACK",
    "TWITCH_FIREW08B": "TITAN FIREWORK PACK",
    "TWITCH_FIREW08C": "TITAN FIREWORK PACK",
    "TWITCH_FIREW08D": "TITAN FIREWORK PACK",
    "TWITCH_FIREW08E": "TITAN FIREWORK PACK",
    "STATUE_BLOB_B": "BRONZE BLOB STATUE",
    "STATUE_BLOB_S": "SILVER BLOB STATUE",
    "STATUE_BLOB_G": "GOLD BLOB STATUE",
    "STATUE_BLOB_I": "ICE BLOB STATUE",
    "STATUE_DIP_B": "BRONZE DIPLO STATUE",
    "STATUE_DIP_S": "SILVER DIPLO STATUE",
    "STATUE_DIP_G": "GOLD DIPLO STATUE",
    "STATUE_DIP_I": "ICE DIPLO STATUE",
    "STATUE_GEK_B": "BRONZE GEK STATUE",
    "STATUE_GEK_S": "SILVER GEK STATUE",
    "STATUE_GEK_G": "GOLD GEK STATUE",
    "STATUE_GEK_I": "ICE GEK STATUE",
    "STATUE_SHIP_B": "BRONZE FIGHTER STATUE",
    "STATUE_SHIP_S": "SILVER FIGHTER STATUE",
    "STATUE_SHIP_G": "GOLD FIGHTER STATUE",
    "STATUE_SHIP_I": "ICE FIGHTER STATUE",
    "STATUE_WALK_B": "BRONZE WALKER STATUE",
    "STATUE_WALK_S": "SILVER WALKER STATUE",
    "STATUE_WALK_G": "GOLD WALKER STATUE",
    "STATUE_WALK_I": "ICE WALKER STATUE",
    "STATUE_ATLAS_B": "BRONZE ATLAS STATUE",
    "STATUE_ATLAS_S": "SILVER ATLAS STATUE",
    "STATUE_ATLAS_G": "GOLD ATLAS STATUE",
    "STATUE_ATLAS_I": "ICE ATLAS STATUE",
    "STATUE_ASTRO_B": "BRONZE ASTRONAUT STATUE",
    "STATUE_ASTRO_S": "SILVER ASTRONAUT STATUE",
    "STATUE_ASTRO_G": "GOLD ASTRONAUT STATUE",
    "STATUE_ASTRO_I": "ICE ASTRONAUT STATUE",
    "SPEC_DECAL01": "ANOMALY DECAL",
    "SPEC_DECAL02": "GALACTIC HUB DECAL",
    "SPEC_DECAL03": "HAND OF APPROVAL DECAL",
    "SPEC_DECAL04": "NADA DECAL",
    "SPEC_DECAL05": "POLO DECAL",
    "SPEC_DECAL06": "APOLLO DECAL",
    "SPEC_DECAL07": "ARTEMIS DECAL",
    "SPEC_DECAL08": "NULL DECAL",
    "DECAL_HAZARD": "HAZARD DECAL",
    "DECAL_SKULL": "WARNING DECAL",
    "DECAL_HORROR": "HORRIFIC DECAL",
    "DECAL_JELLY": "TENTACLED DECAL",
    "DECAL_AGT": "ALLIANCE OF GALACTIC TRAVELLERS DECAL",
    "DECAL_AMINO": "AMINO HUB DECAL",
    "DECAL_CAFE": "CAFE 42 DECAL",
    "DECAL_UFT": "UNITED FEDERATION OF TRAVELERS DECAL",
    "DECAL_QIT": "QITANIAN EMPIRE DECAL",
    "DECAL_BIOME3": "BLUE STARGAZE DECAL",
    "DECAL_CPLANET1": "RED STRIDER DECAL",
    "DECAL_STARTSHIP": "LANDED SHIP DECAL",
    "DECAL_GALCORE": "PURPLE GALACTIC CORE DECAL",
    "DECAL_UWTREAS": "LOST BATHYSPHERE DECAL",
    "DECAL_NEXUSM": "SPACE ANOMALY DECAL",
    "DECAL_SPOOKATL": "UNIVERSAL HEARTBEAT DECAL",
    "DECAL_SHIP1": "BLUE FLIGHT DECAL",
    "DECAL_PIRATESYS": "OUTLAW SYSTEM DECAL",
    "DECAL_BLUESYS": "BLUE SYSTEM DECAL",
    "DECAL_CREBEETLE": "COLEOPTEROLOGY DECAL",
    "DECAL_CREFLY": "FLUTTERING DECAL",
    "DECAL_CREPAWS": "PAWPRINTS DECAL",
    "DECAL_FPLANET2": "AWAKENINGS DECAL",
    "DECAL_TOSTARS": "TO THE STARS DECAL",
    "DECAL_WORM_P1": "WORM HUNT I DECAL",
    "DECAL_WORM_P2": "WORM HUNT II DECAL",
    "DECAL_WORM_P3": "WORM HUNT III DECAL",
    "DECAL_WORM_P4": "WORM HUNT IV DECAL",
    "DECAL_WORM_P5": "WORM HUNT V DECAL",
    "BASE_ROBOTOY": "ROBOTIC COMPANION",
    "BASE_TOYCUBE": "EXPANDING CUBE GADGET",
    "BASE_TOYSPHERE": "HOLOGRAPHIC GLOBE GADGET",
    "BASE_TOYJELLY": "WRIGGLING COMPANION",
    "BASE_TREE01": "FRUIT TREE",
    "BASE_TREE02": "SPINDLE TREE",
    "BASE_TREE03": "EVERGREEN TREE",
    "BASE_MEDPLANT01": "CARNIVOROUS BUSH",
    "BASE_MEDPLANT02": "DWARF PALM",
    "BASE_MEDPLANT03": "CURIOUS CORN",
    "BASE_AQUARIUM": "SMALL AQUARIUM",
    "BASE_WPLANT1": "CURLY CORAL",
    "BASE_WPLANT2": "AQUATIC CRYSTAL",
    "BASE_WPLANT3": "CANDELABRA BLOOM",
    "BASE_WPLANT4": "ARMOURED ANEMONE",
    "BASE_WPLANT5": "STRIP CORAL",
    "BASE_WPLANT6": "AQUATIC COLONY",
    "BASE_BARNACLE": "BARNACLE",
    "SPEC_FIREWORK01": "BLUE FIREWORK",
    "SPEC_FIREWORK02": "RED FIREWORK",
    "SPEC_FIREWORK03": "GREEN FIREWORK",
    "SPEC_FIREWORK04": "TRIPLE BURST FIREWORK",
    "SPEC_FIREWORK05": "DUAL CHROME FIREWORK",
    "SPEC_FIREWORK06": "WHEEL OF HIRK FIREWORK",
    "SPEC_FIREWORK07": "RED TITAN FIREWORK",
    "SPEC_FIREWORK08": "GOLDEN TITAN FIREWORK",
    "SPEC_FIREWORK09": "GREEN TITAN FIREWORK",
    "BASE_TOYCORE": "POCKET REALITY GENERATOR",
    "BASE_TERRARIUM": "TERRARIUM",
    "BASE_HOTPLANT01": "SAIL PALM",
    "BASE_HOTPLANT02": "GLOBE TREE",
    "BASE_HOTPLANT03": "ROCK GARDEN",
    "BASE_RADPLANT01": "WRITHING BUSH",
    "BASE_RADPLANT02": "UMBRELLA TREE",
    "BASE_RADPLANT03": "ENTWINING TREE",
    "BASE_TOXPLANT01": "BLISTERING MUSHROOM",
    "BASE_TOXPLANT02": "WATCHFUL PROTRUSION",
    "BASE_TOXPLANT03": "TENTACLE SPIRE",
    "BASE_DUSTPLANT1": "BEWITCHING CACTUS",
    "BASE_DUSTPLANT2": "CELEBRATORY CACTUS",
    "BASE_DUSTPLANT3": "SUCCULENT TREE",
    "BASE_COLDPLANT1": "HARDY SHRUB",
    "BASE_COLDPLANT2": "FROZEN PLANTER",
    "BASE_COLDPLANT3": "ANCIENT CONIFER",
    "BASE_ROCK01": "MARINE ROCK",
    "BASE_ROCK02": "MINERAL ARCH",
    "BASE_ROCK03": "GEM-ENCRUSTED ROCK",
    "BASE_SWAMP1": "FLARECAP TOADSTOOL",
    "BASE_SWAMP2": "WIZENED STUMP",
    "BASE_SWAMP3": "MUD HUT",
    "BASE_HOUDINI1": "CHITINOUS CAGE",
    "BASE_HOUDINI2": "PROTEA WHEEL",
    "BASE_HOUDINI3": "VIGILANT TARO",
    "BASE_INFEST1": "VOID HUSK",
    "BASE_INFEST2": "PLATE STEM",
    "BASE_INFEST3": "COMPOUND BULB",
    "BASE_LAVA1": "IGNEOUS CRYSTAL",
    "BASE_LAVA2": "IGNEOUS DROP",
    "BASE_LAVA3": "ARCHAIC HABITATION HEATER",
    "BASE_CAVE1": "SAUCER FUNGUS",
    "BASE_CAVE2": "CAVE CREEPER",
    "BASE_CAVE3": "TROGLOTULIP",
    "BASE_CAVE4": "VEINED FLAT CAPS",
    "BASE_CAVE5": "FINGERY DEPOSIT",
    "BASE_NEXUS1": "ANTIMATTER OBSERVATION ORB",
    "BASE_NEXUS2": "SYNTHESIS CORE",
    "BASE_NEXUS3": "BUBBLE VAT",
    "BASE_BUBPIPE": "BUBBLE DUCT",
    "BASE_BUBPIPE_S": "BUBBLE DUCT",
    "BASE_BUBPIPE_L": "L-SHAPED BUBBLE DUCT",
    "BASE_BUBPIPE_T": "T-SHAPED BUBBLE DUCT",
    "BASE_BUBPIPE_X": "X-SHAPED BUBBLE DUCT",
    "S_SAIL0": "FULL SAIL",
    "S_SAIL1": "OFFSET SAILS",
    "S_SAIL2": "ASYMMETRICAL SAILS",
    "S_SAIL3": "DRAPED CANVAS",
    "BUILDCHAIR4": "CLASSIC CHAIR",
    "PLANTPOT4": "ILLUMINATED POT",
    "BASE_GRASS1": "TALL SPIKEGRASS",
    "BASE_GRASS2": "SHORT SPIKEGRASS",
    "BASE_GRASS3": "FLATBLADE GRASS",
    "BASE_GRASS4": "LOOPING GRASS",
    "BASE_GRASS5": "RIBBON GRASS",
    "BASE_GRASS6": "CLOVEN PAW GRASS",
    "BASE_GRASS7": "ANTLER GRASS",
    "BASE_FLOWER1": "NIGHTTONGUE FLOWERS",
    "BASE_FLOWER2": "URCHIN FLOWERS",
    "BASE_FLOWER3": "ETERNAL EYE FLOWERS",
    "BLD_COVSILOS": "COVERED SILOS",
    "BLD_COVCRATE": "COVERED CRATE",
    "BLD_CRANE": "INDUSTRIAL CRANE",
    "S_SIGN_BAR1": "EUCLID MOONRISE SIGN",
    "S_SIGN_BAR2": "SHIP AND PILOT SIGN",
    "S_SIGN_BAR3": "THE BLACK HOLE IN THE WALL SIGN",
    "SLIME_MED": "DETOXIFIED SLIME",
    "SPOOKY_PLANT": "ORANGE PUSTULE",
    "S_POSTER12": "BLACK & GOLD TRAVELLER POSTER",
    "S_POSTER14": "ANOMALOUS HOME POSTER",
    "S_POSTER16": "MILK? POSTER",
    "S_POSTER17": "ATLAS CAKE POSTER",
    "S_POSTER18": "COUNTERFEIT PASS POSTER",
    "S_POSTER19": "FRIEND-ENTITY POSTER",
    "S_POSTER20": "COSMIC FLIGHT POSTER",
    "S_POSTER21": "ORBITAL POSTER",
    "S_POSTER22": "SHIP CATALOGUE POSTER",
    "S_POSTER23": "DEPARTURE POSTER",
    "S_POSTER24": "DIPLOMACY POSTER",
    "S_POSTER25": "BYTEBEAT POSTER",
    "S_POSTER26": "VOYAGE POSTER",
    "S_POSTER27": "ATLAS SEED POSTER",
    "S_POSTER28": "UTOPIA POSTER"
}