{
    "FLOORS":
    {
        "EXP_ROOMFLOOR": ["NORTH,EAST,SOUTH,WEST",        "NORTH,EAST,SOUTH,WEST"],
        "FLOORS": ["NORTH,EAST,SOUTH,WEST",        "NORTH,EAST,SOUTH,WEST"],
        "SMALL_FLOORS": [ "NORTH_Q1,NORTH_Q2,EAST_Q1,EAST_Q2,SOUTH_Q1,SOUTH_Q2,WEST_Q1,WEST_Q2",       "NORTH,EAST,SOUTH,WEST"],
        "LIGHT_FLOORS": [ "NORTH_Q1,NORTH_Q2,EAST_Q1,EAST_Q2,SOUTH_Q1,SOUTH_Q2,WEST_Q1,WEST_Q2",       "NORTH,EAST,SOUTH,WEST"],
        "WALLS": ["NORTH_UP,EAST_UP,SOUTH_UP,WEST_UP,NORTH_DOWN,EAST_DOWN,SOUTH_DOWN,WEST_DOWN",       "BOTTOM, TOP"],
        "DIAGONAL_WALLS": ["NORTH_UP,EAST_UP,SOUTH_UP,WEST_UP",       "BOTTOM, BOTTOM_FLIP"],
        "PROPS": ["GENERIC",      "GENERIC0,GENERIC45,GENERIC90,GENERIC135,GENERIC180,GENERIC225,GENERIC270,GENERIC315"],
        "BUILDLIGHTS": ["GENERIC",      "GENERIC0,GENERIC45,GENERIC90,GENERIC135,GENERIC180,GENERIC225,GENERIC270,GENERIC315"],
        "FARMBIG": ["GENERIC",      "GENERIC0,GENERIC45,GENERIC90,GENERIC135,GENERIC180,GENERIC225,GENERIC270,GENERIC315"],
        "FARMSMALL": ["GENERIC",      "GENERIC0,GENERIC45,GENERIC90,GENERIC135,GENERIC180,GENERIC225,GENERIC270,GENERIC315"],
        "HALF_WALLS": ["NORTH_UP_Q1,NORTH_UP_Q2,EAST_UP_Q1,EAST_UP_Q2,SOUTH_UP_Q1,SOUTH_UP_Q2,WEST_UP_Q1,WEST_UP_Q2,NORTH_DOWN_Q1,NORTH_DOWN_Q2,EAST_DOWN_Q1,EAST_DOWN_Q2,SOUTH_DOWN_Q1,SOUTH_DOWN_Q2,WEST_DOWN_Q1,WEST_DOWN_Q2",   "BOTTOM, TOP"],
        "RAMPS": ["NORTH,EAST,SOUTH,WEST",                   "NORTH,NORTH_IN,SOUTH,SOUTH_IN"],
        "HALF_RAMPS": ["NORTH_Q1,NORTH_Q2,EAST_Q1,EAST_Q2,SOUTH_Q1,SOUTH_Q2,WEST_Q1,WEST_Q2",                   "NORTH,NORTH_IN,SOUTH,SOUTH_IN"],
        "TRI": ["NORTH,EAST,SOUTH,WEST",        "NORTH,EAST,SOUTH"],
        "SMALL_TRI": ["NORTH_Q1,NORTH_Q2,EAST_Q1,EAST_Q2,SOUTH_Q1,SOUTH_Q2,WEST_Q1,WEST_Q2",        "NORTH,EAST,SOUTH"]
    },

    "RAMPS":{
        "RAMPS": ["NORTH,EAST,SOUTH,WEST",        "NORTH,EAST,SOUTH,WEST"],
        "HALF_RAMPS": ["NORTH,EAST,SOUTH,WEST",        "NORTH,EAST,SOUTH,WEST"],
        "FLOORS": ["NORTH,SOUTH",                   "NORTH,EAST,SOUTH,WEST"],
        "TRI": ["NORTH,SOUTH",                   "NORTH,EAST,SOUTH"],
        "DIAGONAL_WALLS": ["EAST,WEST",             "RAMPA,RAMPB"],
        "SMALL_FLOORS": ["NORTH_Q1,NORTH_Q2,SOUTH_Q1,SOUTH_Q2,NORTH_Q1_IN,NORTH_Q2_IN,SOUTH_Q1_IN,SOUTH_Q2_IN",         "NORTH,EAST,SOUTH,WEST"],
        "LIGHT_FLOORS": ["NORTH_Q1,NORTH_Q2,SOUTH_Q1,SOUTH_Q2,NORTH_Q1_IN,NORTH_Q2_IN,SOUTH_Q1_IN,SOUTH_Q2_IN",         "NORTH,EAST,SOUTH,WEST"],
        "SMALL_TRI": ["NORTH_Q1,NORTH_Q2,SOUTH_Q1,SOUTH_Q2,NORTH_Q1_IN,NORTH_Q2_IN,SOUTH_Q1_IN,SOUTH_Q2_IN",         "NORTH,EAST,SOUTH"]
    },

    "CUBE_STAIRS":{
        "CUBE_STAIRS": ["NORTH,EAST,SOUTH,WEST",        "NORTH,EAST,SOUTH,WEST"],
        "CUBE_FLOORS": ["NORTH,SOUTH",                   "NORTH,EAST,SOUTH,WEST"]
    },

    "HALF_RAMPS":{
        "RAMPS": ["NORTH,EAST,SOUTH,WEST",        "NORTH,EAST,SOUTH,WEST"],
        "HALF_RAMPS": ["NORTH,EAST,SOUTH,WEST",        "NORTH,EAST,SOUTH,WEST"],
        "FLOORS": ["NORTH,SOUTH",                   "NORTH_Q1,NORTH_Q2,EAST_Q1,EAST_Q2,SOUTH_Q1,SOUTH_Q2,WEST_Q1,WEST_Q2"],
        "TRI": ["NORTH,SOUTH",                   "NORTH_Q1,NORTH_Q2,EAST_Q1,EAST_Q2,SOUTH_Q1,SOUTH_Q2"],
        "DIAGONAL_WALLS": ["EAST,WEST",             "RAMPA,RAMPB"],
        "SMALL_FLOORS": ["NORTH,SOUTH",         "NORTH,EAST,SOUTH,WEST"],
        "LIGHT_FLOORS": ["NORTH,SOUTH",         "NORTH,EAST,SOUTH,WEST"],
        "SMALL_TRI": ["NORTH,SOUTH",         "NORTH,EAST,SOUTH"]
    },

    "SMALL_FLOORS":
    {
        "SMALL_FLOORS": ["NORTH,EAST,SOUTH,WEST",        "NORTH,EAST,SOUTH,WEST"],
        "LIGHT_FLOORS": ["NORTH,EAST,SOUTH,WEST",        "NORTH,EAST,SOUTH,WEST"],
        "SMALL_TRI": ["NORTH,EAST,SOUTH,WEST",        "NORTH,EAST,SOUTH"],
        "FLOORS": [ "NORTH,EAST,SOUTH,WEST",       "NORTH_Q1,NORTH_Q2,EAST_Q1,EAST_Q2,SOUTH_Q1,SOUTH_Q2,WEST_Q1,WEST_Q2"],
        "TRI": [ "NORTH,EAST,SOUTH,WEST",       "NORTH_Q1,NORTH_Q2,EAST_Q1,EAST_Q2,SOUTH_Q1,SOUTH_Q2"],
        "HALF_WALLS":  ["NORTH_UP,EAST_UP,SOUTH_UP,WEST_UP",      "BOTTOM"],
        "PROPS": ["GENERIC",      "GENERIC0,GENERIC45,GENERIC90,GENERIC135,GENERIC180,GENERIC225,GENERIC270,GENERIC315"],
        "BUILDLIGHTS": ["GENERIC",      "GENERIC0,GENERIC45,GENERIC90,GENERIC135,GENERIC180,GENERIC225,GENERIC270,GENERIC315"],
        "FARMBIG": ["GENERIC",      "GENERIC0,GENERIC45,GENERIC90,GENERIC135,GENERIC180,GENERIC225,GENERIC270,GENERIC315"],
        "FARMSMALL": ["GENERIC",      "GENERIC0,GENERIC45,GENERIC90,GENERIC135,GENERIC180,GENERIC225,GENERIC270,GENERIC315"]
    },

    "SMALL_TRI":
    {
        "SMALL_TRI": ["NORTH,EAST,SOUTH",        "NORTH,EAST,SOUTH"],
        "TRI": ["NORTH,EAST,SOUTH",        "NORTH_Q1,NORTH_Q2,EAST_Q1,EAST_Q2,SOUTH_Q1,SOUTH_Q2"],
        "SMALL_FLOORS": ["NORTH,EAST,SOUTH",        "NORTH,EAST,SOUTH,WEST"],
        "LIGHT_FLOORS": ["NORTH,EAST,SOUTH",        "NORTH,EAST,SOUTH,WEST"],
        "FLOORS": [ "NORTH,EAST,SOUTH",       "NORTH_Q1,NORTH_Q2,EAST_Q1,EAST_Q2,SOUTH_Q1,SOUTH_Q2,WEST_Q1,WEST_Q2"],
        "HALF_WALLS":  ["NORTH_UP,EAST_UP,SOUTH_UP",      "BOTTOM"],
        "RAMPS": ["NORTH,EAST,SOUTH",                   "NORTH,SOUTH"],
        "HALF_RAMPS": ["NORTH,EAST,SOUTH",                   "NORTH,SOUTH"]
    },

    "TRI":
    {
        "TRI": ["NORTH,EAST,SOUTH",        "NORTH,EAST,SOUTH"],
        "SMALL_TRI": ["NORTH_Q1,NORTH_Q2,EAST_Q1,EAST_Q2,SOUTH_Q1,SOUTH_Q2",        "NORTH,EAST,SOUTH"],
        "WALLS": ["NORTH_UP, EAST_UP, SOUTH_UP",       "BOTTOM"],
        "SMALL_FLOORS": [ "NORTH_Q1,NORTH_Q2,EAST_Q1,EAST_Q2,SOUTH_Q1,SOUTH_Q2",       "NORTH,EAST,SOUTH"],
        "LIGHT_FLOORS": [ "NORTH_Q1,NORTH_Q2,EAST_Q1,EAST_Q2,SOUTH_Q1,SOUTH_Q2",       "NORTH,EAST,SOUTH"],
        "FLOORS": [ "NORTH,EAST,SOUTH",       "NORTH,EAST,SOUTH"],
        "RAMPS": ["NORTH,EAST,SOUTH",                   "NORTH,SOUTH"],
        "HALF_RAMPS": ["NORTH_Q1,NORTH_Q2,EAST_Q1,EAST_Q2,SOUTH_Q1,SOUTH_Q2",                   "NORTH,SOUTH"],
        "DIAGONAL_WALLS": ["NORTH,EAST,SOUTH",        "BOTTOM_IN, BOTTOM_OUT"]
    },

    "MAIN_ROOM":
    {   
        "CUBES": ["TOP, BOTTOM",      "TOP,BOTTOM"],
        "CORRIDORS": ["NORTH,EAST,SOUTH,WEST",      "START"],
        "CORRIDOR_CORNER": ["NORTH,EAST,SOUTH,WEST",      "START"],
        "CORRIDOR_L": ["NORTH,EAST,SOUTH,WEST",      "START, END"],
        "CORRIDOR_T": ["NORTH,EAST,SOUTH,WEST",      "START, MID, END"],
        "CORRIDOR_X": ["NORTH,EAST,SOUTH,WEST",      "START"],
        "VIEW_SPHERE":["NORTH,EAST,SOUTH,WEST",      "END"],
        "DOORS":["NORTH,EAST,SOUTH,WEST",       "CORRIDOR"],
        "MAIN_ROOM":["TOP,BOTTOM", "TOP,BOTTOM"],
        "BIO_ROOM":["TOP,BOTTOM", "TOP,BOTTOM"],
        "LADDERS":   ["LADDER_START", "BOTTOM0,BOTTOM90,BOTTOM180,BOTTOM270"],
        "MAIN_WINDOWS": ["NORTH,NORTHEAST,EAST,SOUTHEAST,SOUTH,SOUTHWEST,WEST,NORTHWEST",      "ATTACH"],
        "MAIN_WINDOWS_GLASS": ["NORTH,NORTHEAST,EAST,SOUTHEAST,SOUTH,SOUTHWEST,WEST,NORTHWEST",      "ATTACH"],
        "CORRIDOR_V": ["TOP,BOTTOM",      "START"],
        "POWER_POINTS": ["POWER_A, POWER_B, POWER_C, POWER_D", "POWER"],
        "SPACEPAD": ["NORTH, EAST, SOUTH, WEST",    "NORTH, EAST, SOUTH, WEST"]
    },

    "BIO_ROOM":
    {   
        "CUBES": ["TOP, BOTTOM",      "TOP,BOTTOM"],
        "CORRIDORS": ["NORTH,EAST,SOUTH,WEST",      "START"],
        "CORRIDOR_CORNER": ["NORTH,EAST,SOUTH,WEST",      "START"],
        "CORRIDOR_L": ["NORTH,EAST,SOUTH,WEST",      "START, END"],
        "CORRIDOR_T": ["NORTH,EAST,SOUTH,WEST",      "START, MID, END"],
        "CORRIDOR_X": ["NORTH,EAST,SOUTH,WEST",      "START"],
        "VIEW_SPHERE":["NORTH,EAST,SOUTH,WEST",      "END"],
        "DOORS":["NORTH,EAST,SOUTH,WEST",       "CORRIDOR"],
        "MAIN_ROOM":["TOP,BOTTOM", "TOP,BOTTOM"],
        "BIO_ROOM":["TOP,BOTTOM", "TOP,BOTTOM"],
        "LADDERS":   ["LADDER_START", "BOTTOM0,BOTTOM90,BOTTOM180,BOTTOM270"],
        "CORRIDOR_V": ["TOP,BOTTOM",      "START"],
        "POWER_POINTS": ["POWER_A, POWER_B, POWER_C, POWER_D", "POWER"],
        "SPACEPAD": ["NORTH, EAST, SOUTH, WEST",    "NORTH, EAST, SOUTH, WEST"],
        "PLANTS": ["PLANT_POSITIONA, PLANT_POSITIONB, PLANT_POSITIONC, PLANT_POSITIOND, PLANT_POSITIONE, PLANT_POSITIONF, PLANT_POSITIONG, PLANT_POSITIONH, PLANT_POSITIONI, PLANT_POSITIONJ, PLANT_POSITIONK, PLANT_POSITIONL, PLANT_POSITIONM, PLANT_POSITIONN, PLANT_POSITIONO, PLANT_POSITIONP", "GENERIC0, GENERIC45, GENERIC90, GENERIC135, GENERIC180, GENERIC225, GENERIC270, GENERIC315"]
    },

    "MAIN_ROOM_CUBE":
    {
        "CUBES": ["TOP, BOTTOM",      "TOP,BOTTOM"],
        "CORRIDORS": ["NORTH,EAST,SOUTH,WEST",      "START"],
        "CORRIDOR_CORNER": ["NORTH,EAST,SOUTH,WEST",      "START"],
        "CORRIDOR_L": ["NORTH,EAST,SOUTH,WEST",      "START, END"],
        "CORRIDOR_T": ["NORTH,EAST,SOUTH,WEST",      "START, MID, END"],
        "CORRIDOR_X": ["NORTH,EAST,SOUTH,WEST",      "START"],
        "VIEW_SPHERE":["NORTH,EAST,SOUTH,WEST",      "END"],
        "DOORS":["NORTH,EAST,SOUTH,WEST",       "CORRIDOR"],
        "MAIN_ROOM":["TOP,BOTTOM", "TOP,BOTTOM"],
        "BIO_ROOM":["TOP,BOTTOM", "TOP,BOTTOM"],
        "LADDERS":   ["LADDER_START", "BOTTOM0,BOTTOM90,BOTTOM180,BOTTOM270"],
        "MAIN_WINDOWS": ["NORTH,NORTHEAST,EAST,SOUTHEAST,SOUTH,SOUTHWEST,WEST,NORTHWEST",      "ATTACH"],
        "MAIN_WINDOWS_GLASS": ["NORTH,NORTHEAST,EAST,SOUTHEAST,SOUTH,SOUTHWEST,WEST,NORTHWEST",      "ATTACH"],
        "CORRIDOR_V": ["TOP,BOTTOM",      "START"],
        "POWER_POINTS": ["POWER_A, POWER_B, POWER_C, POWER_D", "POWER"],
        "SPACEPAD": ["NORTH, EAST, SOUTH, WEST",    "NORTH, EAST, SOUTH, WEST"]
    },


    "LADDERS":{
        "LADDERS": ["TOP,BOTTOM0", "TOP,BOTTOM0"]
    },

    "WALLS":
    {
        "EXP_WALLTALL": ["BOTTOM, WEST, TOP, EAST,  EAST_IN, WEST_IN, EAST_OUT, WEST_OUT",      "BOTTOM, WEST, TOP, EAST"],
        "WALLS": ["BOTTOM, WEST, TOP, EAST,  EAST_IN, WEST_IN, EAST_OUT, WEST_OUT",      "BOTTOM, WEST, TOP, EAST"],
        "SHORT_WALLS": ["BOTTOM, WEST, TOP, EAST,  EAST_IN, WEST_IN, EAST_OUT, WEST_OUT",      "BOTTOM, WEST, TOP, EAST"],
        "SHORT_WALLS_HALF":  ["BOTTOM_Q1,BOTTOM_Q2, WEST, TOP_Q1,TOP_Q2, EAST,  EAST_IN, WEST_IN, EAST_OUT, WEST_OUT",      "BOTTOM, WEST, TOP, EAST"],
        "HALF_WALLS":  ["BOTTOM_Q1,BOTTOM_Q2, WEST, TOP_Q1,TOP_Q2, EAST,  EAST_IN, WEST_IN, EAST_OUT, WEST_OUT",      "BOTTOM, WEST, TOP, EAST"],
        "FLOORS": ["BOTTOM_IN, BOTTOM_OUT, TOP_IN, TOP_OUT",       "NORTH,EAST,SOUTH,WEST"],
        "TRI": ["BOTTOM_IN, BOTTOM_OUT, TOP_IN, TOP_OUT",       "NORTH,EAST,SOUTH"],
        "DIAGONAL_WALLS": ["TOP,EAST,BOTTOM,WEST, EAST_IN,EAST_OUT, WEST_IN,WEST_OUT",       "BOTTOM, BOTTOM_FLIP, EAST, EAST_FLIP"],
        "SMALL_FLOORS": ["BOTTOM_Q1_IN, BOTTOM_Q2_IN, BOTTOM_Q1_OUT, BOTTOM_Q2_OUT, TOP_Q1_IN, TOP_Q2_IN, TOP_Q1_OUT, TOP_Q2_OUT",        "NORTH,EAST,SOUTH,WEST"],
        "LIGHT_FLOORS": ["BOTTOM_Q1_IN, BOTTOM_Q2_IN, BOTTOM_Q1_OUT, BOTTOM_Q2_OUT, TOP_Q1_IN, TOP_Q2_IN, TOP_Q1_OUT, TOP_Q2_OUT",        "NORTH,EAST,SOUTH,WEST"],
        "SMALL_TRI": ["BOTTOM_Q1_IN, BOTTOM_Q2_IN, BOTTOM_Q1_OUT, BOTTOM_Q2_OUT, TOP_Q1_IN, TOP_Q2_IN, TOP_Q1_OUT, TOP_Q2_OUT",        "NORTH,EAST,SOUTH"],
        "PROPS": ["GENERICA,GENERICB",      "GENERIC0,GENERIC45,GENERIC90,GENERIC135,GENERIC180,GENERIC225,GENERIC270,GENERIC315"],
        "BUILDLIGHTS": ["GENERICA,GENERICB",      "GENERIC0,GENERIC45,GENERIC90,GENERIC135,GENERIC180,GENERIC225,GENERIC270,GENERIC315"],
        "FARMBIG": ["GENERICA,GENERICB",      "GENERIC0,GENERIC45,GENERIC90,GENERIC135,GENERIC180,GENERIC225,GENERIC270,GENERIC315"],
        "FARMSMALL": ["GENERICA,GENERICB",      "GENERIC0,GENERIC45,GENERIC90,GENERIC135,GENERIC180,GENERIC225,GENERIC270,GENERIC315"],
        "CORRIDORS": ["MIDDLE_IN,MIDDLE_OUT", "START,END"],
        "DOORS": ["MIDDLE_IN, MIDDLE_OUT",      "CORRIDOR"],
        "ROOFS": ["TOP,TOP180",    "SOUTH, SOUTH_C"],
        "POWER_POINTS": ["POWER_A, POWER_B",        "POWER"]
    },

    "SHORT_WALLS":
    {
        "EXP_WALLTALL": ["BOTTOM, WEST, TOP, EAST,  EAST_IN, WEST_IN, EAST_OUT, WEST_OUT",      "BOTTOM, WEST, TOP, EAST"],
        "WALLS": ["BOTTOM, WEST, TOP, EAST,  EAST_IN, WEST_IN, EAST_OUT, WEST_OUT",      "BOTTOM, WEST, TOP, EAST"],
        "SHORT_WALLS": ["BOTTOM, WEST, TOP, EAST,  EAST_IN, WEST_IN, EAST_OUT, WEST_OUT",      "BOTTOM, WEST, TOP, EAST"],
        "SHORT_WALLS_HALF": ["BOTTOM_Q1,BOTTOM_Q2, WEST, TOP_Q1,TOP_Q2, EAST,  EAST_IN, WEST_IN, EAST_OUT, WEST_OUT",      "BOTTOM, WEST, TOP, EAST"],
        "HALF_WALLS":  ["BOTTOM_Q1,BOTTOM_Q2, WEST, TOP_Q1,TOP_Q2, EAST,  EAST_IN, WEST_IN, EAST_OUT, WEST_OUT",      "BOTTOM, WEST, TOP, EAST"],
        "FLOORS": ["BOTTOM_IN, BOTTOM_OUT, TOP_IN, TOP_OUT",       "NORTH,EAST,SOUTH,WEST"],
        "TRI": ["BOTTOM_IN, BOTTOM_OUT, TOP_IN, TOP_OUT",       "NORTH,EAST,SOUTH"],
        "DIAGONAL_WALLS": ["TOP,EAST,BOTTOM,WEST, EAST_IN,EAST_OUT, WEST_IN,WEST_OUT",       "BOTTOM, BOTTOM_FLIP, EAST, EAST_FLIP"],
        "SMALL_FLOORS": ["BOTTOM_Q1_IN, BOTTOM_Q2_IN, BOTTOM_Q1_OUT, BOTTOM_Q2_OUT, TOP_Q1_IN, TOP_Q2_IN, TOP_Q1_OUT, TOP_Q2_OUT",        "NORTH,EAST,SOUTH,WEST"],
        "LIGHT_FLOORS": ["BOTTOM_Q1_IN, BOTTOM_Q2_IN, BOTTOM_Q1_OUT, BOTTOM_Q2_OUT, TOP_Q1_IN, TOP_Q2_IN, TOP_Q1_OUT, TOP_Q2_OUT",        "NORTH,EAST,SOUTH,WEST"],
        "SMALL_TRI": ["BOTTOM_Q1_IN, BOTTOM_Q2_IN, BOTTOM_Q1_OUT, BOTTOM_Q2_OUT, TOP_Q1_IN, TOP_Q2_IN, TOP_Q1_OUT, TOP_Q2_OUT",        "NORTH,EAST,SOUTH"],
        "PROPS": ["GENERICA,GENERICB",      "GENERIC0,GENERIC45,GENERIC90,GENERIC135,GENERIC180,GENERIC225,GENERIC270,GENERIC315"],
        "BUILDLIGHTS": ["GENERICA,GENERICB",      "GENERIC0,GENERIC45,GENERIC90,GENERIC135,GENERIC180,GENERIC225,GENERIC270,GENERIC315"],
        "FARMBIG": ["GENERICA,GENERICB",      "GENERIC0,GENERIC45,GENERIC90,GENERIC135,GENERIC180,GENERIC225,GENERIC270,GENERIC315"],
        "FARMSMALL": ["GENERICA,GENERICB",      "GENERIC0,GENERIC45,GENERIC90,GENERIC135,GENERIC180,GENERIC225,GENERIC270,GENERIC315"],
        "ROOFS": ["TOP,TOP180",    "SOUTH, SOUTH_C"]
    },


    "ROOFS": 
    {
        "ROOFS": ["EAST,WEST,CORNER", "EAST,WEST,CORNER"],
        "WALLS": ["SOUTH,SOUTH_C", "TOP,TOP180"],
        "SHORT_WALLS": ["SOUTH,SOUTH_C", "TOP,TOP180"],
        "SHORT_WALLS_HALF": ["SOUTH,SOUTH_C", "TOP,TOP180"],
        "HALF_WALLS": ["SOUTH,SOUTH_C", "TOP,TOP180"]
    },

    "HALF_WALLS":
    {
        "HALF_WALLS":  ["BOTTOM, WEST, TOP, EAST,  EAST_IN, WEST_IN, EAST_OUT, WEST_OUT",      "BOTTOM, WEST, TOP, EAST"],
        "SHORT_WALLS_HALF":  ["BOTTOM, WEST, TOP, EAST,  EAST_IN, WEST_IN, EAST_OUT, WEST_OUT",      "BOTTOM, WEST, TOP, EAST"],
        "WALLS": ["BOTTOM, WEST, TOP, EAST,  EAST_IN, WEST_IN, EAST_OUT, WEST_OUT",      "BOTTOM, WEST, TOP, EAST"],
        "SHORT_WALLS": ["BOTTOM, WEST, TOP, EAST,  EAST_IN, WEST_IN, EAST_OUT, WEST_OUT",      "BOTTOM, WEST, TOP, EAST"],
        "FLOORS": ["BOTTOM_IN, BOTTOM_OUT, TOP_IN, TOP_OUT",       "NORTH_Q1,NORTH_Q2,EAST_Q1,EAST_Q2,SOUTH_Q1,SOUTH_Q2,WEST_Q1,WEST_Q2"],
        "TRI": ["BOTTOM_IN, BOTTOM_OUT, TOP_IN, TOP_OUT",       "NORTH_Q1,NORTH_Q2,EAST_Q1,EAST_Q2,SOUTH_Q1,SOUTH_Q2"],
        "SMALL_FLOORS": ["BOTTOM_IN, BOTTOM_OUT, TOP_IN, TOP_OUT",        "NORTH,EAST,SOUTH,WEST"],
        "LIGHT_FLOORS": ["BOTTOM_IN, BOTTOM_OUT, TOP_IN, TOP_OUT",        "NORTH,EAST,SOUTH,WEST"],
        "SMALL_TRI": ["BOTTOM_IN, BOTTOM_OUT, TOP_IN, TOP_OUT",        "NORTH,EAST,SOUTH"],
        "DIAGONAL_WALLS": ["TOP,EAST,BOTTOM,WEST",       "BOTTOM, BOTTOM_FLIP, EAST, EAST_FLIP"],
        "PROPS": ["GENERICA,GENERICB",      "GENERIC0,GENERIC45,GENERIC90,GENERIC135,GENERIC180,GENERIC225,GENERIC270,GENERIC315"],
        "BUILDLIGHTS": ["GENERICA,GENERICB",      "GENERIC0,GENERIC45,GENERIC90,GENERIC135,GENERIC180,GENERIC225,GENERIC270,GENERIC315"],
        "FARMSMALL": ["GENERICA,GENERICB",      "GENERIC0,GENERIC45,GENERIC90,GENERIC135,GENERIC180,GENERIC225,GENERIC270,GENERIC315"],
        "FARMBIG": ["GENERICA,GENERICB",      "GENERIC0,GENERIC45,GENERIC90,GENERIC135,GENERIC180,GENERIC225,GENERIC270,GENERIC315"],
        "ROOFS": ["TOP,TOP180",    "SOUTH_Q1,SOUTH_Q2,SOUTH_C_Q1,SOUTH_C_Q2"]
    },
    
    "SHORT_WALLS_HALF":
    {
        "HALF_WALLS":  ["BOTTOM, WEST, TOP, EAST,  EAST_IN, WEST_IN, EAST_OUT, WEST_OUT",      "BOTTOM, WEST, TOP, EAST"],
        "SHORT_WALLS_HALF":  ["BOTTOM, WEST, TOP, EAST,  EAST_IN, WEST_IN, EAST_OUT, WEST_OUT",      "BOTTOM, WEST, TOP, EAST"],
        "WALLS": ["BOTTOM, WEST, TOP, EAST,  EAST_IN, WEST_IN, EAST_OUT, WEST_OUT",      "BOTTOM_Q1, BOTTOM_Q2 , WEST, TOP_Q1, TOP_Q2, EAST"],
        "SHORT_WALLS": ["BOTTOM, WEST, TOP, EAST,  EAST_IN, WEST_IN, EAST_OUT, WEST_OUT",      "BOTTOM_Q1, BOTTOM_Q2 , WEST, TOP_Q1, TOP_Q2, EAST"],
        "FLOORS": ["BOTTOM_IN, BOTTOM_OUT, TOP_IN, TOP_OUT",       "NORTH_Q1,NORTH_Q2,EAST_Q1,EAST_Q2,SOUTH_Q1,SOUTH_Q2,WEST_Q1,WEST_Q2"],
        "TRI": ["BOTTOM_IN, BOTTOM_OUT, TOP_IN, TOP_OUT",       "NORTH_Q1,NORTH_Q2,EAST_Q1,EAST_Q2,SOUTH_Q1,SOUTH_Q2"],
        "SMALL_FLOORS": ["BOTTOM_IN, BOTTOM_OUT, TOP_IN, TOP_OUT",        "NORTH,EAST,SOUTH,WEST"],
        "LIGHT_FLOORS": ["BOTTOM_IN, BOTTOM_OUT, TOP_IN, TOP_OUT",        "NORTH,EAST,SOUTH,WEST"],
        "SMALL_TRI": ["BOTTOM_IN, BOTTOM_OUT, TOP_IN, TOP_OUT",        "NORTH,EAST,SOUTH"],
        "DIAGONAL_WALLS": ["TOP,EAST,BOTTOM,WEST",       "BOTTOM, BOTTOM_FLIP, EAST, EAST_FLIP"],
        "PROPS": ["GENERICA,GENERICB",      "GENERIC0,GENERIC45,GENERIC90,GENERIC135,GENERIC180,GENERIC225,GENERIC270,GENERIC315"],
        "BUILDLIGHTS": ["GENERICA,GENERICB",      "GENERIC0,GENERIC45,GENERIC90,GENERIC135,GENERIC180,GENERIC225,GENERIC270,GENERIC315"],
        "FARMSMALL": ["GENERICA,GENERICB",      "GENERIC0,GENERIC45,GENERIC90,GENERIC135,GENERIC180,GENERIC225,GENERIC270,GENERIC315"],
        "FARMBIG": ["GENERICA,GENERICB",      "GENERIC0,GENERIC45,GENERIC90,GENERIC135,GENERIC180,GENERIC225,GENERIC270,GENERIC315"],
        "ROOFS": ["TOP,TOP180",    "SOUTH_Q1,SOUTH_Q2,SOUTH_C_Q1,SOUTH_C_Q2"]
    },

    "DIAGONAL_WALLS":
    {
        "FLOORS": ["BOTTOM_IN, BOTTOM_OUT",        "NORTH,EAST,SOUTH,WEST"],
        "TRI": ["BOTTOM_IN, BOTTOM_OUT",        "NORTH,EAST,SOUTH"],
        "DIAGONAL_WALLS": ["BOTTOM, BOTTOM_FLIP, EAST, EAST_FLIP",        "BOTTOM, BOTTOM_FLIP, EAST, EAST_FLIP"],
        "WALLS": ["BOTTOM, BOTTOM_FLIP, EAST, EAST_FLIP, EAST_IN, EAST_OUT",         "TOP,EAST,BOTTOM,WEST"],
        "SHORT_WALLS": ["BOTTOM, BOTTOM_FLIP, EAST, EAST_FLIP, EAST_IN, EAST_OUT",         "TOP,EAST,BOTTOM,WEST"],
        "HALF_WALLS": ["BOTTOM, BOTTOM_FLIP, EAST, EAST_FLIP, EAST_IN, EAST_OUT",         "TOP,EAST,BOTTOM,WEST"],
        "SHORT_WALLS_HALF": ["BOTTOM, BOTTOM_FLIP, EAST, EAST_FLIP, EAST_IN, EAST_OUT",         "TOP,EAST,BOTTOM,WEST"]
    },

    "DOORS":
    {
        "CORRIDOR_RAMPS": ["RAMP0, RAMP10, RAMP20, RAMP30, RAMP40",      "START"],
        "CORRIDORS": ["CORRIDOR",     "START, END"],
        "WALLS": ["CORRIDOR",           "MIDDLE_DOOR_IN, MIDDLE_DOOR_OUT"],
        "CUBES": ["CORRIDOR",           "NORTH, EAST, SOUTH, WEST"],
        "POWER_POINTS": ["POWER_A, POWER_B",        "POWER"]
    },

    "CORRIDOR_RAMPS":
    {
        "DOORS": ["START, END",         "RAMP0, RAMP10, RAMP20, RAMP30, RAMP40"],
        "CORRIDOR_RAMPS": ["START, END",         "START, END"]
    },

    "CORRIDOR_CORNER":
    {
        "CORRIDORS":        ["START, END",          "START"],
        "CORRIDOR_CORNER":  ["START, END",          "START, END"],
        "DOORS":            ["START, END",          "CORRIDOR"],
        "WALLS":            ["START,END",           "MIDDLE_IN,MIDDLE_OUT"],
        "VIEW_SPHERE":       ["START, END",          "END"],
        "CORRIDOR_X":       ["START,END",           "START"],
        "CORRIDOR_L":       ["START,END",           "START,END"],
        "CORRIDOR_T":       ["START,END",           "START,MID,END"],
        "CUBES":       ["START,END",                "NORTH"],
        "CONTAINERS":       ["START,MID,END",                "NORTH"],
        "MAIN_ROOM":       ["START,END",            "NORTH"],
        "BIO_ROOM":       ["START,END",            "NORTH"],
        "MAIN_ROOM_CUBE":       ["START,END",            "NORTH"],
        "SPACEPAD": ["START, END",    "NORTH, EAST, SOUTH, WEST"],
        "CUBE_ROOF": ["START, END", "NORTH"]
    },

    "CORRIDORS":
    {
        "CORRIDORS":       ["START, END",        "START"],
        "CORRIDOR_CORNER": ["START, END",        "START, END"],
        "DOORS":            ["START, END",        "CORRIDOR"],
        "WALLS":           ["START,END",         "MIDDLE_IN,MIDDLE_OUT"],
        "VIEW_SPHERE":      ["START, END",        "END"],
        "CORRIDOR_X":      ["START,END",         "START"],
        "CORRIDOR_L":      ["START,END",         "START,END"],
        "CORRIDOR_T":      ["START,END",         "START,MID,END"],
        "CUBES":       ["START,END",                "NORTH"],
        "CONTAINERS":       ["START,MID,END",                "NORTH"],
        "MAIN_ROOM":       ["START,END",            "NORTH"],
        "BIO_ROOM":       ["START,END",            "NORTH"],
        "MAIN_ROOM_CUBE":       ["START,END",            "NORTH"],
        "SPACEPAD": ["START, END",    "NORTH, EAST, SOUTH, WEST"],
        "CUBE_ROOF": ["START, END", "NORTH"]
    },

    "CORRIDOR_V":
    {
        "CORRIDOR_V":       ["START, END",        "START"],
        "MAIN_ROOM":       ["START,END",            "TOP,BOTTOM"],
        "BIO_ROOM":       ["START,END",            "TOP,BOTTOM"],
        "CUBES":         ["START,END",            "BOTTOM,TOP"],
        "CONTAINERS":       ["START,MID,END",                "NORTH"],
        "CUBE_ROOF": ["END",     "BOTTOM0, BOTTOM90, BOTTOM180, BOTTOM270"]
    },

    "CORRIDOR_X":{
        "CORRIDOR_L":      ["END,RIGHT,START,LEFT",         "START,END"],
        "CORRIDOR_X":      ["END,RIGHT,START,LEFT",         "START"],
        "CORRIDOR_T":      ["END,RIGHT,START,LEFT",         "START,MID,END"],
        "CORRIDORS":       ["END,RIGHT,START,LEFT",         "START"],
        "CORRIDOR_CORNER": ["END,RIGHT,START,LEFT",         "START, END"],
        "DOORS":       ["END,RIGHT,START,LEFT",         "CORRIDOR"],
        "WALLS":           ["END,RIGHT,START,LEFT",         "MIDDLE_IN,MIDDLE_OUT"],
        "VIEW_SPHERE":      ["END,RIGHT,START,LEFT",         "END"],
        "CUBES":       ["END,RIGHT,START,LEFT",                "NORTH"],
        "CONTAINERS":       ["END,RIGHT,START,LEFT",                "NORTH"],
        "MAIN_ROOM":       ["END,RIGHT,START,LEFT",            "NORTH"],
        "BIO_ROOM":       ["END,RIGHT,START,LEFT",            "NORTH"],
        "SPACEPAD": ["END,RIGHT,START,LEFT",    "NORTH, EAST, SOUTH, WEST"],
        "CUBE_ROOF": ["END,RIGHT,START,LEFT",     "NORTH"]
    },

    "CORRIDOR_L":{
        "CORRIDOR_L":      ["START,END",                "START,END"],
        "CORRIDOR_X":      ["START,END",                "START"],
        "CORRIDOR_T":      ["START,END",                "START,MID,END"],
        "CORRIDORS":       ["START,END",                "START"],
        "CORRIDOR_CORNER": ["START,END",                "START, END"],
        "DOORS":       ["START,END",                "CORRIDOR"],
        "WALLS":           ["START,END",                "MIDDLE_IN,MIDDLE_OUT"],
        "VIEW_SPHERE":      ["START,END",                "END"],
        "CUBES":       ["START,END",                "NORTH"],
        "CONTAINERS":       ["START,MID,END",                "NORTH"],
        "MAIN_ROOM":       ["START,END",            "NORTH"],
        "BIO_ROOM":       ["START,END",            "NORTH"],
        "SPACEPAD": ["START,END",    "NORTH, EAST, SOUTH, WEST"],
        "CUBE_ROOF": ["START, END",     "NORTH"]
    },

    "CORRIDOR_T":{
        "CORRIDOR_T":       ["START,MID,END",          "START,MID,END"],
        "CORRIDOR_L":       ["START,MID,END",          "START,END"],
        "CORRIDOR_X":       ["START,MID,END",          "START"],
        "CORRIDORS":        ["START,MID,END",          "START"],
        "CORRIDOR_CORNER":  ["START,MID,END",          "START, END"],
        "DOORS":        ["START,MID,END",          "CORRIDOR"],
        "WALLS":            ["START,MID,END",          "MIDDLE_IN,MIDDLE_OUT"],
        "VIEW_SPHERE":       ["START,MID,END",          "END"],
        "CUBES":       ["START,MID,END",                "NORTH"],
        "CONTAINERS":       ["START,MID,END",                "NORTH"],
        "MAIN_ROOM":       ["START,MID,END",            "NORTH"],
        "BIO_ROOM":       ["START,MID,END",            "NORTH"],
        "SPACEPAD": ["START,MID,END",    "NORTH, EAST, SOUTH, WEST"],
        "CUBE_ROOF": ["START,MID,END",     "NORTH"]
    },

    "VIEW_SPHERE":{
        "VIEW_SPHERE":       ["END",          "END"],
        "CORRIDOR_T":       ["END",          "START,MID,END"],
        "CORRIDOR_L":       ["END",          "START,END"],
        "CORRIDOR_X":       ["END",          "START"],
        "CORRIDORS":        ["END",          "START"],
        "CORRIDOR_CORNER":  ["END",          "START, END"],
        "DOORS":        ["END",          "CORRIDOR"],
        "WALLS":            ["END",          "MIDDLE_IN,MIDDLE_OUT"],
        "CUBES":       ["END",                "NORTH"],
        "CONTAINERS":       ["END",                "NORTH"],
        "MAIN_ROOM":       ["END",            "NORTH"],
        "BIO_ROOM":       ["END",            "NORTH"],
        "SPACEPAD": ["END",    "NORTH, EAST, SOUTH, WEST"],
        "CUBE_ROOF": ["END",     "NORTH"]
    },

    "CUBES":
    {
        "CUBES": ["TOP, BOTTOM, NORTH, EAST, SOUTH, WEST",        "TOP, BOTTOM, NORTH, EAST, SOUTH, WEST"],
        "CUBE_ROOF": ["TOP",        "BOTTOM0, EAST, WEST, NORTH"],
        "CONTAINERS": ["TOP, BOTTOM, NORTH, EAST, SOUTH, WEST",        "TOP, BOTTOM, NORTH, EAST, SOUTH, WEST"],
        "CUBE_CURVED": ["TOP, BOTTOM, NORTH, EAST, SOUTH, WEST",     "SOUTH0,SOUTH90,SOUTH180,SOUTH270, WEST0,WEST90,WEST180,WEST270, TOP0,TOP90,TOP180,TOP270, BOTTOM0,BOTTOM90,BOTTOM180,BOTTOM270"],
        "CUBE_SHAPE": ["TOP, BOTTOM, NORTH, EAST, SOUTH, WEST",        "TOP, BOTTOM, NORTH, EAST, SOUTH, WEST"],
        "DOORS": ["NORTH, EAST, SOUTH, WEST",         "CORRIDOR"],
        "CORRIDORS": ["NORTH, EAST, SOUTH, WEST",         "START"],
        "CORRIDOR_X": ["NORTH, EAST, SOUTH, WEST",         "START"],
        "CORRIDOR_L": ["NORTH, EAST, SOUTH, WEST",         "START, END"],
        "CORRIDOR_T": ["NORTH, EAST, SOUTH, WEST",         "START, MID, END"],
        "CUBEWINDOWS":  ["NORTH, EAST, SOUTH, WEST",         "ATTACH"],
        "POWER_POINTS": ["POWER_A, POWER_B, POWER_C, POWER_D",        "POWER"],
        "SPACEPAD": ["NORTH, EAST, SOUTH, WEST",    "NORTH, EAST, SOUTH, WEST"]
    },

    "CUBE_ROOF":
    {
        "CUBES": ["BOTTOM0, EAST, WEST, NORTH",     "TOP, BOTTOM, NORTH, EAST, SOUTH, WEST"],
        "CUBE_ROOF": ["NORTH, EAST, WEST", "NORTH, EAST, WEST"],
        "POWER_POINTS": ["POWER_A, POWER_B, POWER_C, POWER_D",        "POWER"],
        "CONTAINERS": ["BOTTOM0, BOTTOM90, BOTTOM180, BOTTOM270, NORTH, EAST, WEST",        "TOP, BOTTOM, NORTH, EAST, SOUTH, WEST"],
        "CUBE_CURVED": ["BOTTOM0, BOTTOM90, BOTTOM180, BOTTOM270, NORTH, EAST, WEST",     "SOUTH0,SOUTH90,SOUTH180,SOUTH270, WEST0,WEST90,WEST180,WEST270, TOP0,TOP90,TOP180,TOP270, BOTTOM0,BOTTOM90,BOTTOM180,BOTTOM270"],
        "CUBE_SHAPE": ["BOTTOM0, BOTTOM90, BOTTOM180, BOTTOM270, NORTH, EAST, WEST",        "TOP, BOTTOM, NORTH, EAST, SOUTH, WEST"],
        "DOORS": ["NORTH, EAST, WEST",         "CORRIDOR"],
        "CORRIDORS": ["NORTH, EAST, WEST",         "START"],
        "CORRIDOR_X": ["NORTH, EAST, WEST",         "START"],
        "CORRIDOR_L": ["NORTH, EAST, WEST",         "START, END"],
        "CORRIDOR_T": ["NORTH, EAST, WEST",         "START, MID, END"],
        "CUBEWINDOWS":  ["NORTH, EAST, WEST",         "ATTACH"],
        "POWER_POINTS": ["POWER_A, POWER_B, POWER_C, POWER_D",        "POWER"],
        "SPACEPAD": ["NORTH, EAST, WEST",    "NORTH, EAST, SOUTH, WEST"]
    },

    "CONTAINERS":
    {
        "CUBES": ["TOP, BOTTOM, NORTH, EAST, SOUTH, WEST",        "TOP, BOTTOM, NORTH, EAST, SOUTH, WEST"],
        "CONTAINERS": ["TOP, BOTTOM, NORTH, EAST, SOUTH, WEST",        "TOP, BOTTOM, NORTH, EAST, SOUTH, WEST"],
        "CUBE_CURVED": ["TOP, BOTTOM, NORTH, EAST, SOUTH, WEST",     "SOUTH0,SOUTH90,SOUTH180,SOUTH270, WEST0,WEST90,WEST180,WEST270, TOP0,TOP90,TOP180,TOP270, BOTTOM0,BOTTOM90,BOTTOM180,BOTTOM270"],
        "CUBE_SHAPE": ["TOP, BOTTOM, NORTH, EAST, SOUTH, WEST",        "TOP, BOTTOM, NORTH, EAST, SOUTH, WEST"],
        "CORRIDORS": ["NORTH, EAST, SOUTH, WEST",         "START"],
        "CORRIDOR_X": ["NORTH, EAST, SOUTH, WEST",         "START"],
        "CORRIDOR_L": ["NORTH, EAST, SOUTH, WEST",         "START, END"],
        "CORRIDOR_T": ["NORTH, EAST, SOUTH, WEST",         "START, MID, END"],
        "POWER_POINTS": ["POWER_A",        "POWER"],
        "SPACEPAD": ["NORTH, EAST, SOUTH, WEST",    "NORTH, EAST, SOUTH, WEST"]
    },

    "CUBE_FLOORS":{
        "CUBE_FLOORS": ["NORTH,EAST,SOUTH,WEST",    "NORTH"],
        "CUBE_STAIRS": ["NORTH,EAST,SOUTH,WEST",                   "NORTH,NORTH_IN,SOUTH,SOUTH_IN"]
    },

    "CUBE_CURVED":
    {
        "CUBES": [
            "SOUTH0,SOUTH90,SOUTH180,SOUTH270, WEST0,WEST90,WEST180,WEST270, TOP0,TOP90,TOP180,TOP270, BOTTOM0,BOTTOM90,BOTTOM180,BOTTOM270",
            "TOP, BOTTOM, NORTH, EAST, SOUTH, WEST"
        ],
        "CUBE_ROOF": [
            "SOUTH0,SOUTH90,SOUTH180,SOUTH270, WEST0,WEST90,WEST180,WEST270, TOP0,TOP90,TOP180,TOP270, BOTTOM0,BOTTOM90,BOTTOM180,BOTTOM270",
            "NORTH, EAST, WEST, BOTTOM0, BOTTOM90, BOTTOM180, BOTTOM270"
        ],
        "CUBE_CURVED": [
            "SOUTH0,SOUTH90,SOUTH180,SOUTH270, WEST0,WEST90,WEST180,WEST270, TOP0,TOP90,TOP180,TOP270, BOTTOM0,BOTTOM90,BOTTOM180,BOTTOM270",
            "SOUTH0,SOUTH90,SOUTH180,SOUTH270, WEST0,WEST90,WEST180,WEST270, TOP0,TOP90,TOP180,TOP270, BOTTOM0,BOTTOM90,BOTTOM180,BOTTOM270"
        ],
        "CONTAINERS": [
            "SOUTH0,SOUTH90,SOUTH180,SOUTH270, WEST0,WEST90,WEST180,WEST270, TOP0,TOP90,TOP180,TOP270, BOTTOM0,BOTTOM90,BOTTOM180,BOTTOM270",
            "TOP, BOTTOM, NORTH, EAST, SOUTH, WEST"
        ]
    },

    "PIPES":
    {
        "PIPES": ["TOP, BOTTOM",        "TOP, BOTTOM"],
        "CURVED_PIPES": ["TOP, BOTTOM",     "TOP0,TOP45,TOP90,TOP135,TOP180,TOP225,TOP270,TOP315,BOTTOM0,BOTTOM45,BOTTOM90,BOTTOM135,BOTTOM180,BOTTOM225,BOTTOM270,BOTTOM315"],
        "CUBE_SHAPE": ["TOP, BOTTOM",        "TOP, BOTTOM, NORTH, EAST, SOUTH, WEST"]
    },

    "CUBE_SHAPE":{
        "CUBE_SHAPE": ["TOP, BOTTOM, NORTH, EAST, SOUTH, WEST",        "TOP, BOTTOM, NORTH, EAST, SOUTH, WEST"],
        "CUBES": ["TOP, BOTTOM, NORTH, EAST, SOUTH, WEST",        "TOP, BOTTOM, NORTH, EAST, SOUTH, WEST"],
        "CONTAINERS":       ["START,MID,END",                "TOP, BOTTOM, NORTH, EAST, SOUTH, WEST"]
    },

    "WEDGE":{
        "WEDGE": ["NORTH0,EAST,BOTTOM0,WEST",             "NORTH0, NORTH90,NORTH180,NORTH270,EAST,BOTTOM0,BOTTOM90,BOTTOM180,BOTTOM270,WEST"]
    },

    "CURVED_PIPES":
    {
        "CURVED_PIPES": ["TOP0, BOTTOM0",     "TOP0,TOP45,TOP90,TOP135,TOP180,TOP225,TOP270,TOP315,BOTTOM0,BOTTOM45,BOTTOM90,BOTTOM135,BOTTOM180,BOTTOM225,BOTTOM270,BOTTOM315"],
        "PIPES": ["TOP0, BOTTOM0",        "TOP, BOTTOM"],
        "CUBE_SHAPE": ["TOP0, BOTTOM0",        "TOP, BOTTOM, NORTH, EAST, SOUTH, WEST"]
    },

    "PAVING":{
        "PAVING": ["NORTH,EAST,SOUTH,WEST", "NORTH,EAST,SOUTH,WEST"],
        "SMALL_PAVING": ["NORTH,EAST,SOUTH,WEST", "NORTH,EAST,SOUTH,WEST"]
    },

    "SMALL_PAVING":{
        "PAVING": ["NORTH,EAST,SOUTH,WEST", "NORTH,EAST,SOUTH,WEST"],
        "SMALL_PAVING": ["NORTH,EAST,SOUTH,WEST", "NORTH,EAST,SOUTH,WEST"]
        
    },

    "EXP_WALL":
    {
        "EXP_WALL": ["BOTTOM, WEST, TOP, EAST,  EAST_IN, WEST_IN, EAST_OUT, WEST_OUT",      "BOTTOM, WEST, TOP, EAST"]
    },

    "EXP_WALLTALL":
    {
        "EXP_WALLTALL": ["BOTTOM, WEST, TOP, EAST,  EAST_IN, WEST_IN, EAST_OUT, WEST_OUT",      "BOTTOM, WEST, TOP, EAST"],
        "HALF_WALLS":  ["BOTTOM_Q1,BOTTOM_Q2, WEST, TOP_Q1,TOP_Q2, EAST,  EAST_IN, WEST_IN, EAST_OUT, WEST_OUT",      "BOTTOM, WEST, TOP, EAST"],
        "FLOORS": ["BOTTOM_IN, BOTTOM_OUT, TOP_IN, TOP_OUT",       "NORTH,EAST,SOUTH,WEST"],
        "TRI": ["BOTTOM_IN, BOTTOM_OUT, TOP_IN, TOP_OUT",       "NORTH,EAST,SOUTH"],
        "EXP_ROOMFLOOR": ["BOTTOM_IN, BOTTOM_OUT, TOP_IN, TOP_OUT",       "NORTH,EAST,SOUTH,WEST"],
        "DIAGONAL_WALLS": ["TOP,EAST,BOTTOM,WEST, EAST_IN,EAST_OUT, WEST_IN,WEST_OUT",       "BOTTOM, BOTTOM_FLIP, EAST, EAST_FLIP"],
        "SMALL_FLOORS": ["BOTTOM_Q1_IN, BOTTOM_Q2_IN, BOTTOM_Q1_OUT, BOTTOM_Q2_OUT, TOP_Q1_IN, TOP_Q2_IN, TOP_Q1_OUT, TOP_Q2_OUT",        "NORTH,EAST,SOUTH,WEST"],
        "LIGHT_FLOORS": ["BOTTOM_Q1_IN, BOTTOM_Q2_IN, BOTTOM_Q1_OUT, BOTTOM_Q2_OUT, TOP_Q1_IN, TOP_Q2_IN, TOP_Q1_OUT, TOP_Q2_OUT",        "NORTH,EAST,SOUTH,WEST"],
        "SMALL_TRI": ["BOTTOM_Q1_IN, BOTTOM_Q2_IN, BOTTOM_Q1_OUT, BOTTOM_Q2_OUT, TOP_Q1_IN, TOP_Q2_IN, TOP_Q1_OUT, TOP_Q2_OUT",        "NORTH,EAST,SOUTH"],
        "PROPS": ["GENERICA,GENERICB",      "GENERIC0,GENERIC45,GENERIC90,GENERIC135,GENERIC180,GENERIC225,GENERIC270,GENERIC315"],
        "BUILDLIGHTS": ["GENERICA,GENERICB",      "GENERIC0,GENERIC45,GENERIC90,GENERIC135,GENERIC180,GENERIC225,GENERIC270,GENERIC315"],
        "FARMSMALL": ["GENERICA,GENERICB",      "GENERIC0,GENERIC45,GENERIC90,GENERIC135,GENERIC180,GENERIC225,GENERIC270,GENERIC315"],
        "FARMBIG": ["GENERICA,GENERICB",      "GENERIC0,GENERIC45,GENERIC90,GENERIC135,GENERIC180,GENERIC225,GENERIC270,GENERIC315"],
        "CORRIDORS": ["MIDDLE_IN,MIDDLE_OUT", "START,END"],
        "DOORS": ["MIDDLE_IN, MIDDLE_OUT",      "CORRIDOR"]
    },

    "EXP_ROOMFLOOR":
    {
        "EXP_ROOMFLOOR": ["NORTH,EAST,SOUTH,WEST",        "NORTH,EAST,SOUTH,WEST"],
        "FLOORS": ["NORTH,EAST,SOUTH,WEST",        "NORTH,EAST,SOUTH,WEST"],
        "TRI": ["NORTH,EAST,SOUTH,WEST",        "NORTH,EAST,SOUTH"],
        "SMALL_FLOORS": [ "NORTH_Q1,NORTH_Q2,EAST_Q1,EAST_Q2,SOUTH_Q1,SOUTH_Q2,WEST_Q1,WEST_Q2",       "NORTH,EAST,SOUTH,WEST"],
        "LIGHT_FLOORS": [ "NORTH_Q1,NORTH_Q2,EAST_Q1,EAST_Q2,SOUTH_Q1,SOUTH_Q2,WEST_Q1,WEST_Q2",       "NORTH,EAST,SOUTH,WEST"],
        "SMALL_TRI": [ "NORTH_Q1,NORTH_Q2,EAST_Q1,EAST_Q2,SOUTH_Q1,SOUTH_Q2,WEST_Q1,WEST_Q2",       "NORTH,EAST,SOUTH"],
        "WALLS": ["NORTH_UP,EAST_UP,SOUTH_UP,WEST_UP",       "BOTTOM"],
        "EXP_WALLTALL": ["NORTH_UP,EAST_UP,SOUTH_UP,WEST_UP",       "BOTTOM"],
        "DIAGONAL_WALLS": ["NORTH_UP,EAST_UP,SOUTH_UP,WEST_UP",       "BOTTOM, BOTTOM_FLIP"],
        "PROPS": ["GENERIC",      "GENERIC0,GENERIC45,GENERIC90,GENERIC135,GENERIC180,GENERIC225,GENERIC270,GENERIC315"],
        "BUILDLIGHTS": ["GENERIC",      "GENERIC0,GENERIC45,GENERIC90,GENERIC135,GENERIC180,GENERIC225,GENERIC270,GENERIC315"],
        "FARMSMALL": ["GENERIC",      "GENERIC0,GENERIC45,GENERIC90,GENERIC135,GENERIC180,GENERIC225,GENERIC270,GENERIC315"],
        "FARMBIG": ["GENERIC",      "GENERIC0,GENERIC45,GENERIC90,GENERIC135,GENERIC180,GENERIC225,GENERIC270,GENERIC315"],
        "HALF_WALLS": ["NORTH_UP_Q1,NORTH_UP_Q2,EAST_UP_Q1,EAST_UP_Q2,SOUTH_UP_Q1,SOUTH_UP_Q2,WEST_UP_Q1,WEST_UP_Q2",   "BOTTOM"],
        "RAMPS": ["NORTH,EAST,SOUTH,WEST",                   "NORTH,NORTH_IN,SOUTH,SOUTH_IN"],
        "HALF_RAMPS": ["NORTH_Q1,NORTH_Q2,EAST_Q1,EAST_Q2,SOUTH_Q1,SOUTH_Q2,WEST_Q1,WEST_Q2",                   "NORTH,NORTH_IN,SOUTH,SOUTH_IN"]
    },
    
    "SPACEPAD":
    {
        "CORRIDORS":       ["NORTH,EAST,SOUTH,WEST",      "START"],
        "CORRIDOR_L":      ["NORTH,EAST,SOUTH,WEST",      "START, END"],
        "CORRIDOR_CORNER": ["NORTH,EAST,SOUTH,WEST",      "START, END"],
        "CORRIDOR_T":      ["NORTH,EAST,SOUTH,WEST",      "START, MID, END"],
        "CORRIDOR_X":      ["NORTH,EAST,SOUTH,WEST",      "START"],
        "VIEW_SPHERE":     ["NORTH,EAST,SOUTH,WEST",      "END"],
        "MAIN_ROOM":       ["NORTH,EAST,SOUTH,WEST",      "NORTH,EAST,SOUTH,WEST"],
        "BIO_ROOM":       ["NORTH,EAST,SOUTH,WEST",      "NORTH,EAST,SOUTH,WEST"],
        "MAIN_ROOM_CUBE":  ["NORTH,EAST,SOUTH,WEST",      "NORTH,EAST,SOUTH,WEST"],
        "SPACEPAD":        ["NORTH, EAST, SOUTH, WEST",    "NORTH, EAST, SOUTH, WEST"]
    },


    "EXP_WALLCURVED":
    {
        "EXP_WALLCURVED":  ["START, END",          "START, END"]
    },

    "FARMBIG":
    {
        "POWER_POINTS":  ["POWER_A, POWER_B, POWER_C, POWER_D",          "POWER"],
        "PLANTS": ["PLANT_POSITIONA, PLANT_POSITIONB, PLANT_POSITIONC, PLANT_POSITIOND", "GENERIC0, GENERIC45, GENERIC90, GENERIC135, GENERIC180, GENERIC225, GENERIC270, GENERIC315"]
    },

    "FARMSMALL":
    {
        "POWER_POINTS":  ["POWER_A, POWER_B, POWER_C, POWER_D",          "POWER"],
        "PLANTS": ["PLANT_POSITION", "GENERIC0, GENERIC45, GENERIC90, GENERIC135, GENERIC180, GENERIC225, GENERIC270, GENERIC315"]
    },

    "LIGHT_CUBES":
    {
        "LIGHT_CUBES": ["TOP, BOTTOM, NORTH, SOUTH",        "TOP, BOTTOM, NORTH, SOUTH"],
        "NOISE_CUBES": ["TOP, BOTTOM, NORTH, SOUTH",        "TOP, BOTTOM, NORTH, SOUTH"],
        "POWER_POINTS": ["POWER_A",        "POWER"]
    },
    "NOISE_CUBES":
    {
        "LIGHT_CUBES": ["TOP, BOTTOM, NORTH, SOUTH",        "TOP, BOTTOM, NORTH, SOUTH"],
        "NOISE_CUBES": ["TOP, BOTTOM, NORTH, SOUTH",        "TOP, BOTTOM, NORTH, SOUTH"],
        "POWER_POINTS": ["POWER_A",        "POWER"]
    },
    "BALL_GENERATOR":
    {
        "POWER_POINTS": ["POWER_A",        "POWER"]
    },
    "LOGIC2":
    {
        "POWER_POINTS": ["POWER_A, POWER_B",        "POWER"]
    },
    "LOGIC3":
    {
        "POWER_POINTS": ["POWER_A, POWER_B, POWER_C",        "POWER"]
    },
    "FLOORLOGIC":
    {
        "POWER_POINTS": ["POWER_A, POWER_B",        "POWER"]
    },
    "FEEDER":
    {
        "POWER_POINTS": ["POWER_A",        "POWER"]
    },
    "BIG_FEEDER":
    {
        "POWER_POINTS": ["POWER_A",        "POWER"]
    },
    "GENERATORS":
    {
        "POWER_POINTS": ["POWER_A, POWER_B",        "POWER"]
    },
    "TELEPORTALS":
    {
        "POWER_POINTS": ["POWER_A, POWER_B",        "POWER"]
    },
    "BATTERY":
    {
        "POWER_POINTS": ["POWER_A, POWER_B, POWER_C, POWER_D",        "POWER"]
    },
    "SOLAR":
    {
        "POWER_POINTS": ["POWER_A, POWER_B, POWER_C, POWER_D",        "POWER"]
    },
    "ELECTROMAGNETIC":
    {
        "POWER_POINTS": ["POWER_A, POWER_B, POWER_C, POWER_D",        "POWER"]
    },
    "EXTRACTORS":
    {
        "POWER_POINTS": ["POWER_A, POWER_B, POWER_C",        "POWER"]
    },
    "PORTALS":
    {
        "POWER_POINTS": ["POWER_A",        "POWER"]
    },
    "WALLLIGHTS":
    {
        "POWER_POINTS": ["POWER_A",        "POWER"]
    },
    "BYTE_BEAT":
    {
        "POWER_POINTS": ["POWER_A, POWER_B",        "POWER"],
        "BYTE_BEAT": ["LEFT, RIGHT",        "LEFT, RIGHT"]
    },
    "BYTE_BEAT_SWITCH":
    {
        "POWER_POINTS": ["POWER_A, POWER_B, POWER_C",        "POWER"]
    },

    "BUILDLIGHTS":
    {
        "POWER_POINTS": ["POWER_A",        "POWER"]
    },

    "LIGHT_FLOORS":
    {
        "POWER_POINTS": ["POWER_A",        "POWER"],
        "SMALL_FLOORS": ["NORTH,EAST,SOUTH,WEST",        "NORTH,EAST,SOUTH,WEST"],
        "LIGHT_FLOORS": ["NORTH,EAST,SOUTH,WEST",        "NORTH,EAST,SOUTH,WEST"],
        "SMALL_TRI": ["NORTH,EAST,SOUTH,WEST",        "NORTH,EAST,SOUTH"],
        "FLOORS": [ "NORTH,EAST,SOUTH,WEST",       "NORTH_Q1,NORTH_Q2,EAST_Q1,EAST_Q2,SOUTH_Q1,SOUTH_Q2,WEST_Q1,WEST_Q2"],
        "TRI": [ "NORTH,EAST,SOUTH,WEST",       "NORTH_Q1,NORTH_Q2,EAST_Q1,EAST_Q2,SOUTH_Q1,SOUTH_Q2"],
        "HALF_WALLS":  ["NORTH_UP,EAST_UP,SOUTH_UP,WEST_UP",      "BOTTOM"],
        "PROPS": ["GENERIC",      "GENERIC0,GENERIC45,GENERIC90,GENERIC135,GENERIC180,GENERIC225,GENERIC270,GENERIC315"],
        "BUILDLIGHTS": ["GENERIC",      "GENERIC0,GENERIC45,GENERIC90,GENERIC135,GENERIC180,GENERIC225,GENERIC270,GENERIC315"],
        "FARMBIG": ["GENERIC",      "GENERIC0,GENERIC45,GENERIC90,GENERIC135,GENERIC180,GENERIC225,GENERIC270,GENERIC315"],
        "FARMSMALL": ["GENERIC",      "GENERIC0,GENERIC45,GENERIC90,GENERIC135,GENERIC180,GENERIC225,GENERIC270,GENERIC315"]
    },

    "FREIGHTER_CUBES":
    {
        "FREIGHTER_CUBES": ["NORTH,EAST,SOUTH,WEST",      "NORTH,EAST,SOUTH,WEST"],
        "FREIGHTER_CORRIDOR": ["NORTH,EAST,SOUTH,WEST",      "START, END"],
        "FREIGHTER_CORRIDOR_L": ["NORTH,EAST,SOUTH,WEST",      "START, END"],
        "FREIGHTER_CORRIDOR_T": ["NORTH,EAST,SOUTH,WEST",      "START, MID, END"],
        "FREIGHTER_CORRIDOR_X": ["NORTH,EAST,SOUTH,WEST",      "NORTH, EAST, SOUTH, WEST"],
        "FREIGHTER_STAIRS": ["NORTH,EAST,SOUTH,WEST",      "START, END"]
    },

    "FREIGHTER_CORRIDOR":
    {
        "FREIGHTER_CUBES": ["START, END",       "NORTH,EAST,SOUTH,WEST"],
        "FREIGHTER_CORRIDOR": ["START, END",      "START, END"],
        "FREIGHTER_CORRIDOR_L": ["START, END",      "START, END"],
        "FREIGHTER_CORRIDOR_T": ["START, END",      "START, MID, END"],
        "FREIGHTER_CORRIDOR_X": ["START, END",      "NORTH, EAST, SOUTH, WEST"],
        "FREIGHTER_STAIRS": ["START, END",      "START, END"]
    },

    "FREIGHTER_CORRIDOR_L":
    {
        "FREIGHTER_CUBES": ["START, END",       "NORTH,EAST,SOUTH,WEST"],
        "FREIGHTER_CORRIDOR": ["START, END",      "START, END"],
        "FREIGHTER_CORRIDOR_L": ["START, END",      "START, END"],
        "FREIGHTER_CORRIDOR_T": ["START, END",      "START, MID, END"],
        "FREIGHTER_CORRIDOR_X": ["START, END",      "NORTH, EAST, SOUTH, WEST"],
        "FREIGHTER_STAIRS": ["START, END",      "START, END"]
    },

    "FREIGHTER_CORRIDOR_T":
    {
        "FREIGHTER_CUBES": ["START, MID, END",       "NORTH,EAST,SOUTH,WEST"],
        "FREIGHTER_CORRIDOR": ["START, MID, END",      "START, END"],
        "FREIGHTER_CORRIDOR_L": ["START, MID, END",      "START, END"],
        "FREIGHTER_CORRIDOR_T": ["START, MID, END",      "START, MID, END"],
        "FREIGHTER_CORRIDOR_X": ["START, MID, END",      "NORTH, EAST, SOUTH, WEST"],
        "FREIGHTER_STAIRS": ["START, MID, END",      "START, END"]
    },

    "FREIGHTER_CORRIDOR_X":
    {
        "FREIGHTER_CUBES": ["NORTH, EAST, SOUTH, WEST",       "NORTH,EAST,SOUTH,WEST"],
        "FREIGHTER_CORRIDOR": ["NORTH, EAST, SOUTH, WEST",      "START, END"],
        "FREIGHTER_CORRIDOR_L": ["NORTH, EAST, SOUTH, WEST",      "START, END"],
        "FREIGHTER_CORRIDOR_T": ["NORTH, EAST, SOUTH, WEST",      "START, MID, END"],
        "FREIGHTER_CORRIDOR_X": ["NORTH, EAST, SOUTH, WEST",      "NORTH, EAST, SOUTH, WEST"],
        "FREIGHTER_STAIRS": ["NORTH, EAST, SOUTH, WEST",      "START, END"]
    },


    "FREIGHTER_STAIRS":
    {
        "FREIGHTER_CUBES": ["START, END",       "NORTH,EAST,SOUTH,WEST"],
        "FREIGHTER_CORRIDOR": ["START, END",      "START, END"],
        "FREIGHTER_CORRIDOR_L": ["START, END",      "START, END"],
        "FREIGHTER_CORRIDOR_T": ["START, END",      "START, MID, END"],
        "FREIGHTER_CORRIDOR_X": ["START, END",      "NORTH, EAST, SOUTH, WEST"],
        "FREIGHTER_STAIRS": ["START, END",      "START, END"]
    },

    "PLANTS": {
        "FARMSMALL": ["GENERIC0, GENERIC45, GENERIC90, GENERIC135, GENERIC180, GENERIC225, GENERIC270, GENERIC315", "PLANT_POSITION"],
        "FARMBIG": ["GENERIC0, GENERIC45, GENERIC90, GENERIC135, GENERIC180, GENERIC225, GENERIC270, GENERIC315", "PLANT_POSITIONA, PLANT_POSITIONB, PLANT_POSITIONC, PLANT_POSITIOND"],
        "BIO_ROOM": ["GENERIC0, GENERIC45, GENERIC90, GENERIC135, GENERIC180, GENERIC225, GENERIC270, GENERIC315", "PLANT_POSITIONA, PLANT_POSITIONB, PLANT_POSITIONC, PLANT_POSITIOND, PLANT_POSITIONE, PLANT_POSITIONF, PLANT_POSITIONG, PLANT_POSITIONH", "PLANT_POSITIONI, PLANT_POSITIONJ, PLANT_POSITIONK, PLANT_POSITIONL", "PLANT_POSITIONM, PLANT_POSITIONN, PLANT_POSITIONO, PLANT_POSITIONP"]
    }
}
   
